,Salary Estimate,Annual Salary,Job Title,Experience,Education,Position,Company Name,Location,Rating,Is Remote,Company Old,Company Size,Founded,Type of Ownership,Industry,Sector,Revenue,Career Opportunities,Comp & Benefits,Culture & Values,Senior Management,Work Life Balance,Time Unit
0,"$95,509 /yr (est.)",95509.0,Data Scientist,0,1,-1,"RS Americas
4.0", TX,4.0,0,95,501 to 1000 Employees,1928,Company - Private,Wholesale,Retail & Wholesale,$500 million to $1 billion (USD),4.1,3.8,4.2,3.7,4.0,yr
1,"$132,194 /yr (est.)",132194.0,Data Science & Machine Learning-W2,1,2,-1,"Phasorsoft LLC
4.0",Remote,4.0,1,-1,-1,-1,-1,-1,-1,-1,-1.0,-1.0,-1.0,-1.0,-1.0,yr
2,"$100,000 /yr (est.)",100000.0,Junior Data Scientist (remote),-1,-1,-1,"MultiPlan Inc.
3.8",Remote,3.8,1,43,1001 to 5000 Employees,1980,Company - Public,Health Care Services & Hospitals,Healthcare,Unknown / Non-Applicable,3.8,3.7,3.9,3.6,3.9,yr
3,"$89,965 /yr (est.)",89965.0,Data Scientist - MPD,2,1,1,"City of Minneapolis
3.5", MN,3.5,0,156,1001 to 5000 Employees,1867,Government,Municipal Agencies,Government & Public Administration,Unknown / Non-Applicable,3.3,3.9,3.3,3.1,4.0,yr
4,"$99,197 /yr (est.)",99197.0,Data Scientist,-1,-1,-1,"Excella
4.0", VA,4.0,0,21,201 to 500 Employees,2002,Company - Private,Business Consulting,Management & Consulting,$25 to $100 million (USD),3.9,3.8,4.2,3.8,4.2,yr
5,$35.00 /hr (est.),72800.0,Data Scientist,-1,-1,-1,"Columbia University
4.1", NY,4.1,0,269,10000+ Employees,1754,College / University,Colleges & Universities,Education,Unknown / Non-Applicable,3.8,3.6,3.9,3.5,3.8,hr
6,$80.00 /hr (est.),166400.0,Data Scientist,0,2,-1,"Surya Systems
3.9", CA,3.9,0,-1,-1,-1,-1,-1,-1,-1,3.9,4.0,4.0,3.3,3.7,hr
7,"$120,000 /yr (est.)",120000.0,"Data Jobs in Dublin: Data Scientist, Data Engineer, Data Analyst, + More",0,1,-1,"Cardinal Health, Quest, Wendy's + More", OH,-1.0,0,-1,-1,-1,-1,-1,-1,-1,-1.0,-1.0,-1.0,-1.0,-1.0,yr
8,"$100,030 /yr (est.)",100030.0,Data Scientist,5,2,1,"Drexel University
4.1", PA,4.1,0,132,1001 to 5000 Employees,1891,College / University,Colleges & Universities,Education,$500 million to $1 billion (USD),3.9,3.5,4.0,3.7,4.1,yr
9,"$100,000 /yr (est.)",100000.0,Data Scientist,0,2,-1,"Elite ProTek
5.0", CA,5.0,0,-1,-1,-1,-1,-1,-1,-1,5.0,5.0,5.0,5.0,5.0,yr
10,"$93,523 /yr (est.)",93523.0,Data Scientist,3,1,1,"BRADY WORLDWIDE INC
3.6", WI,3.6,0,109,5001 to 10000 Employees,1914,Company - Public,Machinery Manufacturing,Manufacturing,$1 to $5 billion (USD),3.3,3.5,3.5,3.2,3.8,yr
11,"$115,965 /yr (est.)",115965.0,Data Scientist (Bioinformatics),0,1,-1,"Psomagen Inc
2.6", MD,2.6,0,19,51 to 200 Employees,2004,Company - Public,Biotech & Pharmaceuticals,Pharmaceutical & Biotechnology,Unknown / Non-Applicable,2.8,2.8,2.6,2.6,2.8,yr
12,"$94,752 /yr (est.)",94752.0,Data Scientist 1,3,1,-1,"Baylor Scott & White Health
3.9", TX,3.9,0,120,10000+ Employees,1903,Company - Private,Health Care Services & Hospitals,Healthcare,$5 to $10 billion (USD),3.8,3.6,3.9,3.5,3.7,yr
13,"$93,200 /yr (est.)",93200.0,Associate Data Scientist,0,1,-1,"GEHA
4.0",United States,4.0,0,-1,-1,-1,-1,-1,-1,-1,2.0,3.0,4.0,3.0,4.0,yr
14,$70.00 /hr (est.),145600.0,Data Scientist,1,2,1,"Devcare Solutions
3.7", OH,3.7,0,18,51 to 200 Employees,2005,Company - Private,Information Technology Support Services,Information Technology,Unknown / Non-Applicable,3.6,3.9,3.5,3.5,3.6,hr
15,$62.50 /hr (est.),130000.0,Senior Data Scientist,8,1,1,"ClinDCast LLC
4.0",Remote,4.0,1,-1,-1,-1,-1,-1,-1,-1,4.0,4.0,4.0,4.0,4.0,hr
16,"$99,486 /yr (est.)",99486.0,Data Scientist,0,2,-1,"WinWire
4.0", NJ,4.0,0,17,501 to 1000 Employees,2006,Company - Private,Information Technology Support Services,Information Technology,Unknown / Non-Applicable,4.1,3.8,4.0,3.8,3.8,yr
17,"$112,500 /yr (est.)",112500.0,Genomics Data Scientist,0,1,-1,"Avellino Lab USA Inc
3.0",Remote,3.0,1,11,51 to 200 Employees,2012,Company - Private,Biotech & Pharmaceuticals,Pharmaceutical & Biotechnology,Unknown / Non-Applicable,2.8,3.4,3.1,2.6,3.3,yr
18,"$101,376 /yr (est.)",101376.0,Data Scientist,0,2,-1,"Cyber Infotech
4.2", TX,4.2,0,-1,-1,-1,-1,-1,-1,-1,5.0,5.0,5.0,5.0,5.0,yr
19,"$77,500 /yr (est.)",77500.0,Data Scientist,2,1,-1,Jobba Trade Tech, IL,-1.0,0,-1,-1,-1,-1,-1,-1,-1,-1.0,-1.0,-1.0,-1.0,-1.0,yr
20,"$98,676 /yr (est.)",98676.0,Data Scientist I,0,1,-1,"Hy-Vee, Inc.
3.4", IA,3.4,0,93,10000+ Employees,1930,Company - Private,Grocery Stores,Retail & Wholesale,$5 to $10 billion (USD),3.2,3.0,3.1,2.9,3.2,yr
21,"$93,374 /yr (est.)",93374.0,Jr Data Scientist,1,1,-1,"Veracity Software
3.9", NJ,3.9,0,13,51 to 200 Employees,2010,Company - Private,Information Technology Support Services,Information Technology,Unknown / Non-Applicable,3.9,3.5,4.0,3.8,3.9,yr
22,"$72,500 /yr (est.)",72500.0,Data Scientist,0,1,-1,"Numero Data
3.9",Remote,3.9,1,-1,-1,-1,-1,-1,-1,-1,4.0,3.4,4.0,4.0,3.8,yr
23,"$140,000 /yr (est.)",140000.0,Data Scientist - Hybrid Remote,3,1,1,"Sharecare
4.1", NY,4.1,0,13,1001 to 5000 Employees,2010,Company - Public,Internet & Web Services,Information Technology,$500 million to $1 billion (USD),3.8,4.1,4.2,4.0,4.0,yr
24,$33.88 /hr (est.),70470.4,Data Scientist I,2,1,1,"Children's Mercy KC
3.8", MO,3.8,0,126,5001 to 10000 Employees,1897,Hospital,Health Care Services & Hospitals,Healthcare,Unknown / Non-Applicable,3.5,3.4,3.8,3.0,3.7,hr
25,"$96,521 /yr (est.)",96521.0,Associate Data Scientist,-1,-1,-1,"WALGREENS
3.1", IL,3.1,0,122,10000+ Employees,1901,Company - Public,Drug & Health Stores,Retail & Wholesale,$10+ billion (USD),3.1,3.0,2.9,2.8,2.8,yr
26,"$108,750 /yr (est.)",108750.0,Data Scientist (Remote),3,1,-1,"Parsons
3.9",Remote,3.9,1,79,10000+ Employees,1944,Company - Public,Information Technology Support Services,Information Technology,$1 to $5 billion (USD),3.7,3.6,3.8,3.5,3.8,yr
27,"$88,324 /yr (est.)",88324.0,Associate Data Scientist,0,1,0,"American Modern Insurance Group
4.1", VA,4.1,0,29,Unknown,1994,Company - Private,Insurance Carriers,Insurance,$25 to $100 million (USD),4.0,4.0,4.1,3.8,3.7,yr
28,"$107,340 /yr (est.)",107340.0,Associate Data Scientist,3,1,0,"Blue Cross Blue Shield of Massachusetts
4.0", MA,4.0,0,86,1001 to 5000 Employees,1937,Nonprofit Organization,Insurance Carriers,Insurance,$100 to $500 million (USD),3.9,3.8,4.2,3.7,4.3,yr
29,"$91,342 /yr (est.)",91342.0,Junior Data Scientist,-1,-1,-1,"Soothsayer Analytics
2.7", MI,2.7,0,-1,-1,-1,-1,-1,-1,-1,1.9,2.1,2.5,2.3,2.1,yr
30,"$88,177 /yr (est.)",88177.0,Technical Associate I/Data Scientist,0,1,0,"MIT
4.3", MA,4.3,0,162,10000+ Employees,1861,College / University,Colleges & Universities,Education,$1 to $5 billion (USD),4.2,3.8,4.0,3.7,3.6,yr
31,"$121,500 /yr (est.)",121500.0,"Data Scientist, USCAN MR",0,1,1,"GE Healthcare
4.2",Remote,4.2,1,131,10000+ Employees,1892,Company - Public,Health Care Services & Hospitals,Healthcare,$10+ billion (USD),4.1,4.1,4.2,3.9,4.0,yr
32,"$95,544 /yr (est.)",95544.0,Data Science Opportunities,7,1,1,-1, CA,-1.0,0,40,10000+ Employees,1983,Company - Public,Software Development,Information Technology,$10+ billion (USD),4.4,4.5,4.6,4.3,4.5,yr
33,"$83,750 /yr (est.)",83750.0,Data Scientist,0,1,1,"Unilever
4.1", CT,4.1,0,151,10000+ Employees,1872,Company - Public,Consumer Product Manufacturing,Manufacturing,$10+ billion (USD),3.7,3.8,4.2,3.7,3.7,yr
34,"$97,226 /yr (est.)",97226.0,"Data Scientist I, Bioinformatics",0,1,-1,"UT Southwestern
3.9", TX,3.9,0,80,10000+ Employees,1943,Hospital,Health Care Services & Hospitals,Healthcare,$1 to $5 billion (USD),3.9,3.8,3.8,3.4,3.7,yr
35,"$96,017 /yr (est.)",96017.0,"Scientist 2, Data Science",-1,-1,-1,"Katalyst Healthcares & Life Sciences
3.6", NC,3.6,0,-1,-1,-1,-1,-1,-1,-1,4.0,3.8,3.6,3.6,3.7,yr
36,"$81,905 /yr (est.)",81905.0,Data Scientist,0,1,-1,"Trajector
3.3", FL,3.3,0,-1,-1,-1,-1,-1,-1,-1,3.4,3.4,3.4,3.1,3.8,yr
37,"$108,990 /yr (est.)",108990.0,Data Scientist II Data Science,1,1,1,"Kaiser Permanente
3.9", CA,3.9,0,78,10000+ Employees,1945,Nonprofit Organization,Health Care Services & Hospitals,Healthcare,$10+ billion (USD),3.7,4.3,3.6,3.2,3.5,yr
38,"$134,200 /yr (est.)",134200.0,Data Scientist I - MSAT,0,1,-1,"Roche
4.3", CA,4.3,0,127,5001 to 10000 Employees,1896,Company - Public,Biotech & Pharmaceuticals,Pharmaceutical & Biotechnology,$10+ billion (USD),3.9,4.1,4.3,3.7,4.1,yr
39,"$124,500 /yr (est.)",124500.0,Data Scientist,3,1,-1,"Charles Schwab
4.1", TX,4.1,0,50,10000+ Employees,1973,Company - Public,Investment & Asset Management,Financial Services,$10+ billion (USD),4.0,3.9,4.2,3.8,4.1,yr
40,"$112,555 /yr (est.)",112555.0,Junior Data Scientist,0,1,0,"SoundThinking
3.5", CA,3.5,0,27,201 to 500 Employees,1996,Company - Public,Software Development,Information Technology,$25 to $100 million (USD),3.2,3.4,3.4,3.4,3.5,yr
41,"$97,570 /yr (est.)",97570.0,Data Scientist,0,2,-1,"Wise Equation Solutions
4.9", TX,4.9,0,17,51 to 200 Employees,2006,Company - Private,Information Technology Support Services,Information Technology,$5 to $25 million (USD),4.9,4.3,5.0,4.9,4.8,yr
42,"$108,797 /yr (est.)",108797.0,Data Scientist I,0,1,-1,"Donald Danforth Plant Science Center
4.3", MO,4.3,0,25,Unknown,1998,Nonprofit Organization,Research & Development,Management & Consulting,Unknown / Non-Applicable,4.2,4.1,4.3,4.1,4.1,yr
43,"$145,500 /yr (est.)",145500.0,Junior Data Scientist,4,1,-1,"Peraton
3.6", MD,3.6,0,6,10000+ Employees,2017,Company - Private,Information Technology Support Services,Information Technology,$5 to $10 billion (USD),3.5,3.6,3.4,3.3,3.8,yr
44,"$67,830 /yr (est.)",67830.0,Junior Data Scientist,3,1,0,"Camgian
4.9", MS,4.9,0,-1,-1,-1,-1,-1,-1,-1,4.5,4.8,4.9,4.6,4.7,yr
45,"$100,792 /yr (est.)",100792.0,Junior Data Scientist,-1,-1,-1,"Logistics Management Institute
4.2", VA,4.2,0,62,1001 to 5000 Employees,1961,Company - Private,Business Consulting,Management & Consulting,$100 to $500 million (USD),3.8,4.0,4.3,3.8,4.4,yr
46,"$112,595 /yr (est.)",112595.0,Senior Data Scientist I,5,1,-1,"ALDI
3.5", IL,3.5,0,24,10000+ Employees,1999,Company - Private,Grocery Stores,Retail & Wholesale,Unknown / Non-Applicable,3.3,3.6,3.3,3.1,2.9,yr
47,"$84,327 /yr (est.)",84327.0,Associate Data Scientist - Inventory Management and Research Analytics,1,1,0,"Caterpillar
4.0", IL,4.0,0,98,10000+ Employees,1925,Company - Public,Machinery Manufacturing,Manufacturing,$10+ billion (USD),3.8,3.9,3.9,3.5,3.7,yr
52,"$130,623 /yr (est.)",130623.0,Data Scientist,11,1,0,"National Security Agency
3.7", MD,3.7,0,61,Unknown,1962,Government,National Agencies,Government & Public Administration,Unknown / Non-Applicable,4.2,3.8,3.4,3.1,4.1,yr
55,"$115,100 /yr (est.)",115100.0,Data Scientist (All Levels),-1,-1,-1,"Noblis
4.5", VA,4.5,0,27,1001 to 5000 Employees,1996,Nonprofit Organization,Business Consulting,Management & Consulting,$100 to $500 million (USD),4.2,4.1,4.5,4.3,4.5,yr
57,"$119,250 /yr (est.)",119250.0,Data Scientist,5,1,0,"PACCAR
3.6", WA,3.6,0,118,10000+ Employees,1905,Company - Public,Transportation Equipment Manufacturing,Manufacturing,$10+ billion (USD),3.5,3.3,3.2,3.0,3.6,yr
61,"$155,000 /yr (est.)",155000.0,Data Scientist,7,1,1,"Janus Henderson
3.9", NY,3.9,0,6,1001 to 5000 Employees,2017,Company - Public,Investment & Asset Management,Financial Services,Unknown / Non-Applicable,3.4,3.9,3.9,3.4,4.0,yr
62,"$105,531 /yr (est.)",105531.0,Data Scientist,0,1,1,"Verizon
3.9", NJ,3.9,0,23,10000+ Employees,2000,Company - Public,Telecommunications Services,Telecommunications,$10+ billion (USD),3.7,4.1,3.8,3.4,3.5,yr
63,"$138,450 /yr (est.)",138450.0,Data and Applied Scientist II,5,1,0,"Microsoft
4.3", WA,4.3,0,48,10000+ Employees,1975,Company - Public,Computer Hardware Development,Information Technology,$10+ billion (USD),4.1,4.1,4.3,4.0,4.1,yr
64,"$96,017 /yr (est.)",96017.0,"Scientist 2, Data Science",5,1,-1,"Katalyst Healthcares & Life Sciences
3.6", NC,3.6,0,-1,-1,-1,-1,-1,-1,-1,4.0,3.8,3.6,3.6,3.7,yr
65,"$85,664 /yr (est.)",85664.0,Junior Scientific Programmer/Data Scientist,6,1,0,"University of Minnesota
4.2", MN,4.2,0,172,Unknown,1851,College / University,Colleges & Universities,Education,Unknown / Non-Applicable,3.8,3.6,4.0,3.7,4.1,yr
66,"$212,150 /yr (est.)",212150.0,Senior-Data Scientist,0,2,1,"AT&T
3.7", TX,3.7,0,147,10000+ Employees,1876,Company - Public,Telecommunications Services,Telecommunications,$10+ billion (USD),3.6,4.0,3.5,3.2,3.3,yr
67,"$128,816 /yr (est.)",128816.0,Data Scientist,0,1,-1,"U.S. Department of State
4.0", DC,4.0,0,234,10000+ Employees,1789,Government,National Agencies,Government & Public Administration,Unknown / Non-Applicable,3.9,4.0,3.7,3.3,3.4,yr
69,"$105,321 /yr (est.)",105321.0,Data Scientist,10,1,1,"Toyota
3.9", TX,3.9,0,66,10000+ Employees,1957,Company - Public,Transportation Equipment Manufacturing,Manufacturing,$10+ billion (USD),3.8,4.0,3.9,3.6,3.4,yr
71,"$120,000 /yr (est.)",120000.0,Junior Data Scientist,5,1,-1,"Leidos
3.9", MD,3.9,0,54,10000+ Employees,1969,Company - Public,Aerospace & Defense,Aerospace & Defense,$10+ billion (USD),3.8,3.6,3.8,3.6,4.0,yr
80,"$83,855 /yr (est.)",83855.0,Research Data Scientist I,2,1,1,"Cleveland Clinic
3.7", OH,3.7,0,102,10000+ Employees,1921,Nonprofit Organization,Health Care Services & Hospitals,Healthcare,$1 to $5 billion (USD),3.6,3.5,3.6,3.2,3.3,yr
83,"$115,100 /yr (est.)",115100.0,Data Scientist (All Levels),5,1,0,"Noblis
4.5", VA,4.5,0,27,1001 to 5000 Employees,1996,Nonprofit Organization,Business Consulting,Management & Consulting,$100 to $500 million (USD),4.2,4.1,4.5,4.3,4.5,yr
86,"$106,403 /yr (est.)",106403.0,Data Scientist,2,1,1,"ConnectiveRx
3.1", NJ,3.1,0,8,1001 to 5000 Employees,2015,Company - Private,Biotech & Pharmaceuticals,Pharmaceutical & Biotechnology,Unknown / Non-Applicable,3.0,3.2,3.0,2.5,2.9,yr
88,"$157,000 /yr (est.)",157000.0,Senior Data Scientist,3,2,1,"GoPro
4.1",United States,4.1,0,21,1001 to 5000 Employees,2002,Company - Public,Consumer Product Manufacturing,Manufacturing,$1 to $5 billion (USD),3.6,4.1,4.5,3.7,4.6,yr
93,"$117,252 /yr (est.)",117252.0,Data Scientist,0,1,-1,"Verily
3.8", MA,3.8,0,8,1001 to 5000 Employees,2015,Subsidiary or Business Segment,Biotech & Pharmaceuticals,Pharmaceutical & Biotechnology,Unknown / Non-Applicable,3.6,4.3,3.9,3.5,3.7,yr
94,"$215,050 /yr (est.)",215050.0,Principal Data Scientist,8,1,1,"Zillow
3.9",Remote,3.9,1,18,5001 to 10000 Employees,2005,Company - Public,Real Estate,Real Estate,$1 to $5 billion (USD),3.6,4.0,4.1,3.4,4.2,yr
98,"$110,100 /yr (est.)",110100.0,Data Scientist,0,1,0,"Blue Cross & Blue Shield of Rhode Island
3.6", RI,3.6,0,84,501 to 1000 Employees,1939,Nonprofit Organization,Insurance Carriers,Insurance,Unknown / Non-Applicable,3.5,3.8,4.0,3.5,4.2,yr
103,"$137,500 /yr (est.)",137500.0,"Data Scientist, Product Analytics - Monetization",2,1,-1,"Facebook App
3.9",Remote,3.9,1,19,10000+ Employees,2004,Company - Public,Internet & Web Services,Information Technology,$10+ billion (USD),4.0,4.6,3.7,3.3,3.6,yr
109,"$89,718 /yr (est.)",89718.0,Data Scientist - All Levels,0,2,1,Silver Edge, VA,-1.0,0,-1,-1,-1,-1,-1,-1,-1,-1.0,-1.0,-1.0,-1.0,-1.0,yr
110,"$100,850 /yr (est.)",100850.0,Data Scientist I - Hybrid,2,1,1,"Radian
4.2", NY,4.2,0,46,1001 to 5000 Employees,1977,Company - Public,Insurance Carriers,Insurance,$1 to $5 billion (USD),3.8,4.1,4.3,3.8,4.4,yr
117,"$78,693 /yr (est.)",78693.0,Junior Data Scientist,2,2,1,"Technomics
4.5", VA,4.5,0,39,51 to 200 Employees,1984,Company - Private,Aerospace & Defense,Aerospace & Defense,$25 to $100 million (USD),4.5,3.5,4.4,4.0,4.3,yr
121,"$100,000 /yr (est.)",100000.0,Biology Data Scientist,0,1,-1,"Procter & Gamble
4.1", OH,4.1,0,186,10000+ Employees,1837,Company - Public,Consumer Product Manufacturing,Manufacturing,$10+ billion (USD),4.0,4.1,4.2,3.7,3.4,yr
124,"$143,202 /yr (est.)",143202.0,"Senior Data Scientist, Analytics",4,1,-1,"Discord
3.5", CA,3.5,0,8,501 to 1000 Employees,2015,Company - Private,Internet & Web Services,Information Technology,$25 to $100 million (USD),3.5,4.1,3.5,3.1,3.4,yr
126,"$180,000 /yr (est.)",180000.0,Principal Data Scientist/AI Researcher,5,1,1,"Novartis
4.0", MA,4.0,0,-1,-1,-1,-1,-1,-1,-1,-1.0,-1.0,-1.0,-1.0,-1.0,yr
127,$60.00 /hr (est.),124800.0,Data Scientist,8,2,-1,NLB Technology Services,Remote,-1.0,1,-1,-1,-1,-1,-1,-1,-1,-1.0,-1.0,-1.0,-1.0,-1.0,hr
128,"$57,500 /yr (est.)",57500.0,Junior Data Scientist,1,1,0,"Augray
3.9", WI,3.9,0,9,51 to 200 Employees,2014,Subsidiary or Business Segment,Information Technology Support Services,Information Technology,Unknown / Non-Applicable,3.8,3.6,3.5,3.7,3.6,yr
129,"$82,317 /yr (est.)",82317.0,Jr. Data Scientist,0,1,1,"Kyla
3.5", CA,3.5,0,-1,-1,-1,-1,-1,-1,-1,3.3,3.0,2.0,2.6,2.6,yr
132,"$95,000 /yr (est.)",95000.0,Data Scientist I,0,1,1,"VirginPulse
3.4",Remote,3.4,1,19,501 to 1000 Employees,2004,Company - Private,Computer Hardware Development,Information Technology,$100 to $500 million (USD),3.3,3.2,3.6,3.1,3.7,yr
133,"$97,888 /yr (est.)",97888.0,Data Scientist,0,1,1,"Caterpillar
4.0", IL,4.0,0,98,10000+ Employees,1925,Company - Public,Machinery Manufacturing,Manufacturing,$10+ billion (USD),3.8,3.9,3.9,3.5,3.7,yr
135,"$100,000 /yr (est.)",100000.0,Data Scientist,0,2,-1,"Redvest App
5.0",Remote,5.0,1,-1,-1,-1,-1,-1,-1,-1,-1.0,-1.0,-1.0,-1.0,-1.0,yr
136,"$98,148 /yr (est.)",98148.0,Data Scientist I,5,1,-1,"Horizon Blue Cross Blue Shield of New Jersey
3.3", NJ,3.3,0,91,5001 to 10000 Employees,1932,Nonprofit Organization,Insurance Carriers,Insurance,$10+ billion (USD),2.8,3.5,3.1,2.8,3.5,yr
138,$85.00 /hr (est.),176800.0,Jr. Data Scientist,1,1,0,"MondelÄ“z International
4.0",New Jersey,4.0,0,11,10000+ Employees,2012,Company - Public,Food & Beverage Manufacturing,Manufacturing,$10+ billion (USD),3.6,3.8,3.9,3.5,3.6,hr
139,"$164,000 /yr (est.)",164000.0,"Data Scientist, Product Analytics - Monetization",4,1,-1,"Facebook App
3.9", WA,3.9,0,19,10000+ Employees,2004,Company - Public,Internet & Web Services,Information Technology,$10+ billion (USD),4.0,4.6,3.7,3.3,3.6,yr
142,"$139,175 /yr (est.)",139175.0,Data Scientist,9,1,-1,"BOEING
3.9", AZ,3.9,0,107,10000+ Employees,1916,Company - Public,Aerospace & Defense,Aerospace & Defense,$10+ billion (USD),3.8,3.9,3.5,3.1,3.9,yr
144,"$122,943 /yr (est.)",122943.0,Data Science Opportunities,7,1,1,-1, CA,-1.0,0,40,10000+ Employees,1983,Company - Public,Software Development,Information Technology,$10+ billion (USD),4.4,4.5,4.6,4.3,4.5,yr
145,"$103,173 /yr (est.)",103173.0,Data Scientist,1,1,-1,"Mosaic Data Science
5.0", VA,5.0,0,-1,-1,-1,-1,-1,-1,-1,-1.0,-1.0,-1.0,-1.0,-1.0,yr
148,"$90,000 /yr (est.)",90000.0,Applied Data Scientist,2,1,-1,"Webstaurant Store
3.8", PA,3.8,0,19,1001 to 5000 Employees,2004,Company - Private,Other Retail Stores,Retail & Wholesale,$500 million to $1 billion (USD),3.7,3.9,3.8,3.7,4.0,yr
150,"$90,500 /yr (est.)",90500.0,Data Scientist,0,1,-1,"Vetro Tech Inc
3.9", CA,3.9,0,-1,-1,-1,-1,-1,-1,-1,3.9,3.9,3.4,3.4,3.9,yr
162,"$84,327 /yr (est.)",84327.0,Associate Data Scientist - Inventory Management and Research Analytics,-1,-1,-1,"Caterpillar
4.0", IL,4.0,0,98,10000+ Employees,1925,Company - Public,Machinery Manufacturing,Manufacturing,$10+ billion (USD),3.8,3.9,3.9,3.5,3.7,yr
172,"$164,000 /yr (est.)",164000.0,"Data Scientist, Product Analytics - Monetization",4,1,-1,"Facebook App
3.9",Remote,3.9,1,19,10000+ Employees,2004,Company - Public,Internet & Web Services,Information Technology,$10+ billion (USD),4.0,4.6,3.7,3.3,3.6,yr
196,"$100,000 /yr (est.)",100000.0,Data Scientist,-1,-1,-1,"Redvest App
5.0",Remote,5.0,1,-1,-1,-1,-1,-1,-1,-1,-1.0,-1.0,-1.0,-1.0,-1.0,yr
219,"$137,500 /yr (est.)",137500.0,"Data Scientist, Product Analytics - Monetization",-1,-1,-1,"Facebook App
3.9",Remote,3.9,1,19,10000+ Employees,2004,Company - Public,Internet & Web Services,Information Technology,$10+ billion (USD),4.0,4.6,3.7,3.3,3.6,yr
220,"$98,148 /yr (est.)",98148.0,Data Scientist I,-1,-1,-1,"Horizon Blue Cross Blue Shield of New Jersey
3.3", NJ,3.3,0,91,5001 to 10000 Employees,1932,Nonprofit Organization,Insurance Carriers,Insurance,$10+ billion (USD),2.8,3.5,3.1,2.8,3.5,yr
288,"$91,702 /yr (est.)",91702.0,Data Scientist Trainee,0,1,-1,"Axle Informatics
3.5", MD,3.5,0,21,501 to 1000 Employees,2002,Company - Private,Research & Development,Management & Consulting,$100 to $500 million (USD),3.3,3.5,3.3,3.3,3.9,yr
315,"$127,067 /yr (est.)",127067.0,Data Scientist,4,2,-1,"Kyla
3.5",Remote,3.5,1,-1,-1,-1,-1,-1,-1,-1,3.3,3.0,2.0,2.6,2.6,yr
316,"$98,534 /yr (est.)",98534.0,Data Scientist (Coaching),2,1,-1,"WHOOP
3.5", MA,3.5,0,11,501 to 1000 Employees,2012,Company - Private,Computer Hardware Development,Information Technology,Unknown / Non-Applicable,3.2,3.3,3.4,3.1,3.7,yr
325,"$115,000 /yr (est.)",115000.0,Quantitative Analytics Professional - Data Scientist,0,1,1,"Freddie Mac
3.4", VA,3.4,0,53,5001 to 10000 Employees,1970,Company - Public,Banking & Lending,Financial Services,$10+ billion (USD),3.3,3.7,3.4,2.6,3.5,yr
326,"$108,092 /yr (est.)",108092.0,Data Scientist,6,1,1,"PayPal
3.9", AZ,3.9,0,25,10000+ Employees,1998,Company - Public,Internet & Web Services,Information Technology,$10+ billion (USD),3.5,3.9,4.0,3.4,4.0,yr
346,"$89,718 /yr (est.)",89718.0,Data Scientist - All Levels,-1,-1,-1,Silver Edge, VA,-1.0,0,-1,-1,-1,-1,-1,-1,-1,-1.0,-1.0,-1.0,-1.0,-1.0,yr
377,"$82,317 /yr (est.)",82317.0,Jr. Data Scientist,-1,-1,-1,"Kyla
3.5", CA,3.5,0,-1,-1,-1,-1,-1,-1,-1,3.3,3.0,2.0,2.6,2.6,yr
0,"$89,228 /yr (est.)",89228.0,Data Analyst I or II,0,1,-1,"Northrop Grumman Federal Credi
2.6", CA,2.6,0,77,51 to 200 Employees,1946,Nonprofit Organization,Banking & Lending,Financial Services,$25 to $100 million (USD),2.3,2.5,2.1,2.2,2.3,yr
1,"$59,193 /yr (est.)",59193.0,DATA ANALYST,3,1,1,"Nicolet National Bank
3.8", WI,3.8,0,-1,-1,-1,-1,-1,-1,-1,4.0,3.0,4.4,3.6,4.0,yr
2,"$75,854 /yr (est.)",75854.0,IT Data Analyst,5,1,-1,"Ascendis Pharma
2.8", NJ,2.8,0,-1,-1,-1,-1,-1,-1,-1,2.8,3.4,2.8,2.4,3.0,yr
3,"$70,000 /yr (est.)",70000.0,Data Analyst,3,1,0,"Advanced Stimulation Technologies, Inc
2.9", TX,2.9,0,-1,-1,-1,-1,-1,-1,-1,4.6,2.2,2.5,2.1,2.2,yr
4,"$57,608 /yr (est.)",57608.0,Data Analyst,0,1,0,"A-C Central CUSD
4.0", IL,4.0,0,-1,-1,-1,-1,-1,-1,-1,4.5,2.0,5.0,4.5,4.5,yr
5,$62.50 /hr (est.),130000.0,Data Analyst c2c open,5,-1,-1,NLB Technology Services, TX,-1.0,0,-1,-1,-1,-1,-1,-1,-1,-1.0,-1.0,-1.0,-1.0,-1.0,hr
6,"$90,525 /yr (est.)",90525.0,Data Analyst,0,1,1,"Blend
3.2",United States,3.2,0,11,1001 to 5000 Employees,2012,Company - Public,Banking & Lending,Financial Services,Unknown / Non-Applicable,3.0,3.6,3.4,2.8,3.7,yr
7,$45.00 /hr (est.),93600.0,DATA ANALYST,5,2,-1,Sana Pivot Inc,Remote,-1.0,1,-1,-1,-1,-1,-1,-1,-1,-1.0,-1.0,-1.0,-1.0,-1.0,hr
8,"$95,351 /yr (est.)",95351.0,Data Analyst,5,1,-1,"Northrop Grumman Federal Credit Union (NGFCU)
2.6",Remote,2.6,1,77,51 to 200 Employees,1946,Nonprofit Organization,Banking & Lending,Financial Services,$25 to $100 million (USD),2.3,2.5,2.1,2.2,2.3,yr
9,$56.00 /hr (est.),116480.0,Data Analyst,9,1,-1,"DATAMAXIS, Inc", IL,-1.0,0,-1,-1,-1,-1,-1,-1,-1,-1.0,-1.0,-1.0,-1.0,-1.0,hr
10,"$68,633 /yr (est.)",68633.0,Data Analyst,0,1,-1,"Miami HEAT
4.5", FL,4.5,0,36,1001 to 5000 Employees,1987,Company - Private,Sports & Recreation,"Arts, Entertainment & Recreation",Unknown / Non-Applicable,4.3,4.3,4.5,4.3,4.4,yr
11,"$53,851 /yr (est.)",53851.0,Data Analyst,0,2,-1,"Central Willamette Credit Union
3.5", OR,3.5,0,68,51 to 200 Employees,1955,Unknown,Banking & Lending,Financial Services,$5 to $25 million (USD),3.3,3.5,3.4,2.9,2.9,yr
12,"$76,469 /yr (est.)",76469.0,Reporting Data Analyst,0,2,-1,"MEDLOGIX, LLC
2.5", PA,2.5,0,-1,-1,-1,-1,-1,-1,-1,2.1,2.5,2.5,2.6,3.6,yr
13,"$100,000 /yr (est.)",100000.0,Data Analyst,2,2,1,"QuinStreet
4.1", CA,4.1,0,24,501 to 1000 Employees,1999,Company - Public,Advertising & Public Relations,Media & Communication,$500 million to $1 billion (USD),4.0,3.8,4.0,3.7,4.1,yr
14,"$55,877 /yr (est.)",55877.0,Data Analyst,5,1,0,"Cleveland Community College
3.4", NC,3.4,0,-1,-1,-1,-1,-1,-1,-1,2.7,3.1,2.7,2.2,3.3,yr
15,"$66,556 /yr (est.)",66556.0,Data Analyst,0,1,-1,"DataArt
4.7", TX,4.7,0,26,1001 to 5000 Employees,1997,Company - Private,Information Technology Support Services,Information Technology,$100 to $500 million (USD),4.4,4.1,4.6,4.4,4.5,yr
16,"$82,371 /yr (est.)",82371.0,Data Analyst(SQL),0,1,-1,"Leading Torch LLC
4.1", TX,4.1,0,-1,-1,-1,-1,-1,-1,-1,4.1,3.9,4.1,4.3,4.2,yr
17,"$87,500 /yr (est.)",87500.0,Data Analyst,0,1,-1,"Vetro Tech Inc
3.9", NY,3.9,0,-1,-1,-1,-1,-1,-1,-1,3.9,3.9,3.4,3.4,3.9,yr
18,$65.00 /hr (est.),135200.0,Data Analyst,5,2,-1,"DiamondPick
4.5",Remote,4.5,1,-1,-1,-1,-1,-1,-1,-1,4.5,4.2,4.5,4.3,4.3,hr
19,"$65,000 /yr (est.)",65000.0,Data Analyst,0,1,-1,"TechIntelli Solutions, Inc.
4.4",Remote,4.4,1,7,201 to 500 Employees,2016,Company - Private,Staffing & Subcontracting,Human Resources & Staffing,Unknown / Non-Applicable,4.4,4.5,4.4,4.2,4.5,yr
20,"$67,500 /yr (est.)",67500.0,Data Analyst - Hybrid - Entry Level,2,1,0,"Rocktop Technologies, LLC", TX,-1.0,0,-1,-1,-1,-1,-1,-1,-1,-1.0,-1.0,-1.0,-1.0,-1.0,yr
21,$37.50 /hr (est.),78000.0,Data Analyst,5,2,-1,"Advize Health LLC
3.9",Remote,3.9,1,-1,-1,-1,-1,-1,-1,-1,4.1,3.8,4.0,4.0,4.0,hr
22,"$56,587 /yr (est.)",56587.0,Data Analyst Warren Days,4,1,1,"The Productivity Team LLC
3.7", MI,3.7,0,-1,-1,-1,-1,-1,-1,-1,3.5,3.6,3.4,3.5,3.7,yr
23,"$72,500 /yr (est.)",72500.0,Data Analyst,1,1,-1,Net2Aspire LLC,Remote,-1.0,1,-1,-1,-1,-1,-1,-1,-1,-1.0,-1.0,-1.0,-1.0,-1.0,yr
24,$73.38 /hr (est.),152630.4,Senior Data Analyst,0,2,-1,Rackera Inc, CA,-1.0,0,-1,-1,-1,-1,-1,-1,-1,-1.0,-1.0,-1.0,-1.0,-1.0,hr
25,"$71,423 /yr (est.)",71423.0,Data Analyst,3,1,-1,"Anblicks
4.1", TX,4.1,0,19,501 to 1000 Employees,2004,Company - Private,Information Technology Support Services,Information Technology,$25 to $100 million (USD),4.0,3.9,4.1,3.8,4.1,yr
26,"$65,015 /yr (est.)",65015.0,Jr Data Analyst,0,1,1,"Priority Power Management, L
3.5", TX,3.5,0,-1,-1,-1,-1,-1,-1,-1,4.0,4.0,4.0,2.0,2.0,yr
27,"$62,612 /yr (est.)",62612.0,Data Analyst,-1,-1,-1,"Silent Falcon UAS Technologies
4.2", VA,4.2,0,-1,-1,-1,-1,-1,-1,-1,5.0,4.8,5.0,5.0,5.0,yr
28,"$70,000 /yr (est.)",70000.0,Data Analyst,3,2,-1,ETC,Remote,-1.0,1,-1,-1,-1,-1,-1,-1,-1,-1.0,-1.0,-1.0,-1.0,-1.0,yr
29,"$58,563 /yr (est.)",58563.0,Data Analyst,1,1,-1,"Chicago Fire FC
3.9", IL,3.9,0,-1,-1,-1,-1,-1,-1,-1,3.5,3.3,3.9,2.9,3.1,yr
30,"$90,000 /yr (est.)",90000.0,"Data Analyst, Datasets",0,1,-1,Earnest Analytics, NY,-1.0,0,-1,-1,-1,-1,-1,-1,-1,-1.0,-1.0,-1.0,-1.0,-1.0,yr
31,$40.60 /hr (est.),84448.0,Data Analyst,0,1,-1,"Fisher & Phillips LLP
3.5", CA,3.5,0,-1,-1,-1,-1,-1,-1,-1,3.3,3.4,3.5,3.4,3.7,hr
32,$29.50 /hr (est.),61360.0,Jr. Data Analyst,-1,-1,-1,"Pinnacle Technical Resources
3.2", FL,3.2,0,-1,-1,-1,-1,-1,-1,-1,2.3,3.0,3.7,3.7,4.3,hr
33,"$62,500 /yr (est.)",62500.0,Junior Data Analyst,2,1,1,Northwest Wine Services, NY,-1.0,0,-1,-1,-1,-1,-1,-1,-1,-1.0,-1.0,-1.0,-1.0,-1.0,yr
34,"$63,412 /yr (est.)",63412.0,Data Analyst,0,1,1,"Trinity Health Michigan
3.4", MI,3.4,0,47,10000+ Employees,1976,Nonprofit Organization,Health Care Services & Hospitals,Healthcare,$10+ billion (USD),3.3,3.3,3.6,3.1,3.5,yr
35,"$75,358 /yr (est.)",75358.0,Data Analyst,8,1,1,CIS (Citycounty Insurance Services), OR,-1.0,0,-1,-1,-1,-1,-1,-1,-1,-1.0,-1.0,-1.0,-1.0,-1.0,yr
36,"$64,744 /yr (est.)",64744.0,Entry Level Junior Data Analyst,2,1,1,"Avnet
4.0", AZ,4.0,0,102,10000+ Employees,1921,Company - Public,Consumer Electronics & Appliances Stores,Retail & Wholesale,$10+ billion (USD),3.6,3.5,4.0,3.6,3.9,yr
37,"$77,795 /yr (est.)",77795.0,Data Analyst,0,1,1,"Fabletics
4.3",California,4.3,0,10,Unknown,2013,Company - Private,Internet & Web Services,Information Technology,Unknown / Non-Applicable,4.0,4.2,4.4,4.1,4.0,yr
38,"$53,708 /yr (est.)",53708.0,Data Analyst I,2,1,-1,"Pekin Insurance
3.9", IL,3.9,0,102,501 to 1000 Employees,1921,Company - Private,Insurance Agencies & Brokerages,Insurance,$1 to $5 billion (USD),3.5,3.6,3.9,3.6,3.9,yr
39,"$56,097 /yr (est.)",56097.0,Data Analyst Remote,2,1,-1,"FirstEnergy Corp
3.5", PA,3.5,0,26,10000+ Employees,1997,Company - Public,Energy & Utilities,"Energy, Mining & Utilities",$10+ billion (USD),3.4,3.8,3.2,2.6,3.3,yr
40,"$70,000 /yr (est.)",70000.0,IT Operations Data Analyst,3,1,-1,"CDWA
3.5",Remote,3.5,1,33,501 to 1000 Employees,1990,Company - Private,Health Care Services & Hospitals,Healthcare,Less than $1 million (USD),3.3,2.9,3.4,3.2,3.5,yr
41,"$73,000 /yr (est.)",73000.0,Data Analyst,0,1,1,"William & Mary
4.1", VA,4.1,0,330,1001 to 5000 Employees,1693,College / University,Colleges & Universities,Education,$100 to $500 million (USD),3.5,3.0,4.0,3.4,4.0,yr
42,"$70,000 /yr (est.)",70000.0,Entry Level Business Analyst,1,1,-1,"Atlantictranstrading
5.0", MA,5.0,0,-1,-1,-1,-1,-1,-1,-1,5.0,5.0,5.0,5.0,5.0,yr
43,"$63,802 /yr (est.)",63802.0,Data Analyst,0,2,-1,"Kitestring
4.6", AR,4.6,0,26,51 to 200 Employees,1997,Company - Private,Information Technology Support Services,Information Technology,$5 to $25 million (USD),4.1,4.3,4.7,4.6,4.6,yr
44,$18.50 /hr (est.),38480.0,Provider Data Analyst I,1,2,-1,"ALLCARE HEALTH
3.4",Remote,3.4,1,-1,-1,-1,-1,-1,-1,-1,3.6,3.7,3.0,3.0,3.2,hr
45,"$88,050 /yr (est.)",88050.0,Data Analyst,3,1,1,"Zayo Group
2.8",Remote,2.8,1,16,1001 to 5000 Employees,2007,Company - Private,"Cable, Internet & Telephone Providers",Telecommunications,$1 to $5 billion (USD),2.9,3.1,2.7,2.3,2.8,yr
46,"$79,781 /yr (est.)",79781.0,Data Analyst,2,1,1,"ABBVIE
3.9", CA,3.9,0,10,10000+ Employees,2013,Company - Public,Biotech & Pharmaceuticals,Pharmaceutical & Biotechnology,$10+ billion (USD),3.7,3.9,3.8,3.5,3.6,yr
47,$43.51 /hr (est.),90500.8,Medical Data Analyst (Medical Coder),3,2,-1,"NewYork-Presbyterian Hospital
4.0",Manhattan,4.0,0,25,10000+ Employees,1998,Hospital,Health Care Services & Hospitals,Healthcare,Unknown / Non-Applicable,4.0,4.1,3.9,3.4,3.7,hr
49,"$67,203 /yr (est.)",67203.0,Assistant Data Analyst/Data Analyst,0,1,1,"AIPSO
3.9", RI,3.9,0,51,201 to 500 Employees,1972,Company - Private,Insurance Agencies & Brokerages,Insurance,Unknown / Non-Applicable,3.4,3.4,3.9,3.3,4.7,yr
50,"$70,000 /yr (est.)",70000.0,Data Analyst,-1,-1,-1,ETC,Remote,-1.0,1,-1,-1,-1,-1,-1,-1,-1,-1.0,-1.0,-1.0,-1.0,-1.0,yr
52,"$65,185 /yr (est.)",65185.0,Healthcare Data Analyst,0,1,-1,"Nephrology Associates of Northern Illinois and Indiana (NANI)
3.3", IL,3.3,0,47,501 to 1000 Employees,1976,Company - Private,Health Care Services & Hospitals,Healthcare,Unknown / Non-Applicable,3.1,3.3,3.1,2.6,3.3,yr
53,$29.50 /hr (est.),61360.0,Jr. Data Analyst,2,2,-1,"Pinnacle Technical Resources
3.2", FL,3.2,0,-1,-1,-1,-1,-1,-1,-1,2.3,3.0,3.7,3.7,4.3,hr
55,"$42,625 /yr (est.)",42625.0,Junior Data Analyst (AidData REU),0,1,0,"William & Mary
4.1", VA,4.1,0,330,1001 to 5000 Employees,1693,College / University,Colleges & Universities,Education,$100 to $500 million (USD),3.5,3.0,4.0,3.4,4.0,yr
57,"$71,850 /yr (est.)",71850.0,Business Data Analyst,0,1,1,"CVS Health
3.1",Georgia,3.1,0,60,10000+ Employees,1963,Company - Public,Health Care Services & Hospitals,Healthcare,$10+ billion (USD),3.1,3.1,2.9,2.7,2.8,yr
59,"$66,327 /yr (est.)",66327.0,Jr Data Analyst,0,1,-1,"Veracity Software
3.9", NJ,3.9,0,13,51 to 200 Employees,2010,Company - Private,Information Technology Support Services,Information Technology,Unknown / Non-Applicable,3.9,3.5,4.0,3.8,3.9,yr
60,"$85,000 /yr (est.)",85000.0,Data Analyst,5,1,-1,"W2O Group
3.4", NY,3.4,0,22,1001 to 5000 Employees,2001,Company - Private,Advertising & Public Relations,Media & Communication,$100 to $500 million (USD),3.5,3.7,3.3,3.1,2.9,yr
63,"$100,000 /yr (est.)",100000.0,Data Analyst,5,2,1,"Network Coverage
3.3",Remote,3.3,1,27,51 to 200 Employees,1996,Company - Private,Information Technology Support Services,Information Technology,$25 to $100 million (USD),3.6,3.5,3.4,3.2,3.3,yr
64,"$70,000 /yr (est.)",70000.0,Data Analyst,2,2,-1,OMNI Healthcare & Glofin Funding, CO,-1.0,0,-1,-1,-1,-1,-1,-1,-1,-1.0,-1.0,-1.0,-1.0,-1.0,yr
65,"$79,893 /yr (est.)",79893.0,Data Analyst,0,1,-1,"OGC Global
5.0", NY,5.0,0,-1,-1,-1,-1,-1,-1,-1,5.0,4.5,5.0,5.0,5.0,yr
69,"$75,000 /yr (est.)",75000.0,Data Analyst,3,1,-1,Heartland Home Services, MI,-1.0,0,-1,-1,-1,-1,-1,-1,-1,-1.0,-1.0,-1.0,-1.0,-1.0,yr
78,"$68,250 /yr (est.)",68250.0,Data Analyst,-1,-1,-1,"Columbia University
4.1", NY,4.1,0,269,10000+ Employees,1754,College / University,Colleges & Universities,Education,Unknown / Non-Applicable,3.8,3.6,3.9,3.5,3.8,yr
80,"$100,450 /yr (est.)",100450.0,Data Analyst II - Remote,5,1,1,-1, MN,-1.0,0,46,10000+ Employees,1977,Company - Public,Health Care Services & Hospitals,Healthcare,$10+ billion (USD),3.6,3.5,3.8,3.3,3.7,yr
82,"$72,102 /yr (est.)",72102.0,Business Data Analyst I,1,2,0,"DHL
3.9", GA,3.9,0,54,10000+ Employees,1969,Company - Private,Shipping & Trucking,Transportation & Logistics,$10+ billion (USD),3.7,3.6,3.8,3.4,3.6,yr
87,"$65,062 /yr (est.)",65062.0,"Data Analyst, Managed Care Analytics",4,1,0,"Ascension
3.4",Remote,3.4,1,121,10000+ Employees,1902,Nonprofit Organization,Health Care Services & Hospitals,Healthcare,Unknown / Non-Applicable,3.3,3.2,3.4,2.9,3.3,yr
89,"$78,700 /yr (est.)",78700.0,Data Informatics Analyst II,0,1,-1,"IGT
3.8", NY,3.8,0,42,10000+ Employees,1981,Company - Public,Gambling,"Arts, Entertainment & Recreation",$1 to $5 billion (USD),3.5,3.4,3.7,3.4,3.7,yr
90,"$73,020 /yr (est.)",73020.0,Data Analyst,0,1,0,"Perficient, Inc
4.1", CO,4.1,0,25,5001 to 10000 Employees,1998,Company - Public,Information Technology Support Services,Information Technology,$500 million to $1 billion (USD),4.0,3.7,4.0,3.7,4.1,yr
93,$28.48 /hr (est.),59238.4,Reporting and Data Analyst,0,1,1,"Monster Energy
4.0", CA,4.0,0,88,1001 to 5000 Employees,1935,Company - Public,Food & Beverage Manufacturing,Manufacturing,$1 to $5 billion (USD),3.5,3.5,4.2,3.7,3.8,hr
103,"$57,140 /yr (est.)",57140.0,Data Analyst,6,1,0,"State of New Mexico
3.0", NM,3.0,0,-1,-1,-1,-1,-1,-1,-1,2.9,3.0,2.5,2.2,2.9,yr
106,"$76,702 /yr (est.)",76702.0,Data Analyst I,2,1,0,"SB Clinical Practice Management
3.0", NY,3.0,0,-1,-1,-1,-1,-1,-1,-1,2.0,2.0,3.0,2.0,3.0,yr
107,"$69,830 /yr (est.)",69830.0,Aeronautical Data Analyst,2,1,0,"Garmin International, Inc.
4.0", MO,4.0,0,34,10000+ Employees,1989,Company - Public,Consumer Product Manufacturing,Manufacturing,$1 to $5 billion (USD),3.5,3.6,3.9,3.5,4.0,yr
112,"$85,000 /yr (est.)",85000.0,Data Analyst,0,2,1,"Public Health Solutions
3.9",New York State,3.9,0,66,501 to 1000 Employees,1957,Nonprofit Organization,Grantmaking & Charitable Foundations,Nonprofit & NGO,$100 to $500 million (USD),3.4,3.6,3.9,3.4,4.0,yr
114,"$56,103 /yr (est.)",56103.0,Jr. Data Analyst ( Full Time ),0,-1,0,"RSA Tech
5.0", TX,5.0,0,-1,-1,-1,-1,-1,-1,-1,5.0,5.0,4.8,5.0,5.0,yr
116,"$63,687 /yr (est.)",63687.0,Data Analyst,2,1,0,"Dematic
3.8", TX,3.8,0,204,5001 to 10000 Employees,1819,Subsidiary or Business Segment,Information Technology Support Services,Information Technology,Unknown / Non-Applicable,3.7,3.5,3.7,3.3,3.3,yr
117,"$67,182 /yr (est.)",67182.0,Data Analyst- CIN,0,2,1,"SB ADMINISTRATIVE SERVICES, LLC
4.0", NY,4.0,0,66,10000+ Employees,1957,College / University,Colleges & Universities,Education,$500 million to $1 billion (USD),3.6,3.3,3.6,3.3,3.6,yr
118,"$57,500 /yr (est.)",57500.0,Junior Data Analyst,1,1,0,"Blue Water Thinking
3.5",United States,3.5,0,-1,-1,-1,-1,-1,-1,-1,2.6,3.5,3.3,3.2,3.8,yr
119,"$85,000 /yr (est.)",85000.0,Data Analyst,3,2,-1,Edrex,Remote,-1.0,1,-1,-1,-1,-1,-1,-1,-1,-1.0,-1.0,-1.0,-1.0,-1.0,yr
120,"$84,240 /yr (est.)",84240.0,Data Analyst,2,1,1,"TriNet
3.7",Remote,3.7,1,35,1001 to 5000 Employees,1988,Company - Public,Business Consulting,Management & Consulting,$1 to $5 billion (USD),3.6,3.9,3.7,3.4,3.6,yr
121,$30.00 /hr (est.),62400.0,Data Analyst,0,2,-1,"CSU Fullerton Auxiliary Services
3.5", CA,3.5,0,64,1001 to 5000 Employees,1959,Nonprofit Organization,Grantmaking & Charitable Foundations,Nonprofit & NGO,$25 to $100 million (USD),2.7,3.1,2.7,3.0,3.8,hr
122,"$117,300 /yr (est.)",117300.0,Data Analyst,0,1,-1,"Tencent
4.0", CA,4.0,0,25,10000+ Employees,1998,Company - Public,Internet & Web Services,Information Technology,Unknown / Non-Applicable,4.0,4.1,3.9,3.7,3.3,yr
123,$20.00 /hr (est.),41600.0,Data Specialist,2,2,1,"EcoRise
4.6",Remote,4.6,1,8,1 to 50 Employees,2015,Company - Private,Information Technology Support Services,Information Technology,Unknown / Non-Applicable,4.4,3.8,4.0,4.6,4.6,hr
125,$53.87 /hr (est.),112049.6,Data Analyst,5,1,-1,"Parsons
3.9",Remote,3.9,1,79,10000+ Employees,1944,Company - Public,Information Technology Support Services,Information Technology,$1 to $5 billion (USD),3.7,3.6,3.8,3.5,3.8,hr
127,"$79,286 /yr (est.)",79286.0,data analyst,3,1,-1,"Lead5 Media
4.0", CA,4.0,0,14,1 to 50 Employees,2009,Company - Private,Advertising & Public Relations,Media & Communication,$1 to $5 million (USD),4.0,4.0,4.0,5.0,3.0,yr
129,"$57,704 /yr (est.)",57704.0,Data Analyst,0,2,-1,"Joliet Township High School District 204
3.2", IL,3.2,0,143,501 to 1000 Employees,1880,School / School District,Primary & Secondary Schools,Education,$25 to $100 million (USD),3.5,3.7,3.3,3.0,3.3,yr
130,"$41,685 /yr (est.)",41685.0,"Analyst, Data I - 1st Shift",2,1,1,"FedEx Supply Chain
3.4", IN,3.4,0,125,1001 to 5000 Employees,1898,Subsidiary or Business Segment,Shipping & Trucking,Transportation & Logistics,$100 to $500 million (USD),3.3,3.6,3.3,2.9,3.3,yr
133,$30.05 /hr (est.),62504.0,Data Analyst 1,2,2,0,"ORAU
4.2", TN,4.2,0,77,501 to 1000 Employees,1946,Nonprofit Organization,Grantmaking & Charitable Foundations,Nonprofit & NGO,$25 to $100 million (USD),4.0,3.6,4.0,4.0,4.3,hr
134,"$67,863 /yr (est.)",67863.0,Data Analyst,3,1,-1,"Rose Financial Solutions LLC
4.6", MD,4.6,0,29,51 to 200 Employees,1994,Private Practice / Firm,Accounting & Tax,Financial Services,$5 to $25 million (USD),4.2,4.5,4.5,4.6,3.9,yr
135,"$62,612 /yr (est.)",62612.0,Data Analyst,0,2,-1,"Silent Falcon UAS Technologies
4.2", VA,4.2,0,-1,-1,-1,-1,-1,-1,-1,5.0,4.8,5.0,5.0,5.0,yr
138,"$75,704 /yr (est.)",75704.0,Lab Systems Master Data Analyst,0,1,0,"Pfizer
4.1", NC,4.1,0,174,10000+ Employees,1849,Company - Public,Biotech & Pharmaceuticals,Pharmaceutical & Biotechnology,$10+ billion (USD),3.8,4.0,4.0,3.6,3.9,yr
145,$30.00 /hr (est.),62400.0,Data Analyst,-1,-1,-1,"CSU Fullerton Auxiliary Services
3.5", CA,3.5,0,64,1001 to 5000 Employees,1959,Nonprofit Organization,Grantmaking & Charitable Foundations,Nonprofit & NGO,$25 to $100 million (USD),2.7,3.1,2.7,3.0,3.8,hr
152,"$55,000 /yr (est.)",55000.0,Climate Data Analyst and Writer,0,1,0,"Eastern Research Group, Inc.
4.1", MA,4.1,0,40,201 to 500 Employees,1983,Company - Private,Business Consulting,Management & Consulting,$25 to $100 million (USD),3.9,3.4,4.5,4.1,4.3,yr
154,"$48,926 /yr (est.)",48926.0,Jr. Data Analyst,0,2,1,"Gulf Coast Health Center, Inc.
3.4", TX,3.4,0,-1,-1,-1,-1,-1,-1,-1,3.1,2.8,2.8,2.5,3.6,yr
257,"$80,000 /yr (est.)",80000.0,Quality Data Analyst,0,1,0,"Montefiore New Rochelle
3.6", NY,3.6,0,139,Unknown,1884,Nonprofit Organization,Health Care Services & Hospitals,Healthcare,Unknown / Non-Applicable,3.4,3.8,3.4,3.0,3.4,yr
262,"$90,000 /yr (est.)",90000.0,Data Analyst,2,2,1,Decision Science LLC, MA,-1.0,0,-1,-1,-1,-1,-1,-1,-1,-1.0,-1.0,-1.0,-1.0,-1.0,yr
272,"$87,732 /yr (est.)",87732.0,Data Analyst,-1,-1,-1,"InfoQuest Consulting Group Inc.
4.5", NY,4.5,0,-1,-1,-1,-1,-1,-1,-1,4.5,4.1,4.5,4.3,3.1,yr
292,"$87,732 /yr (est.)",87732.0,Data Analyst,6,1,-1,"InfoQuest Consulting Group Inc.
4.5", NY,4.5,0,-1,-1,-1,-1,-1,-1,-1,4.5,4.1,4.5,4.3,3.1,yr
298,$40.00 /hr (est.),83200.0,BI Data Analyst,1,2,1,cobbenn, TX,-1.0,0,-1,-1,-1,-1,-1,-1,-1,-1.0,-1.0,-1.0,-1.0,-1.0,hr
299,"$76,285 /yr (est.)",76285.0,Data Analyst,7,1,1,"Stony Brook Administrative Services
3.4", NY,3.4,0,43,5001 to 10000 Employees,1980,Hospital,Health Care Services & Hospitals,Healthcare,$500 million to $1 billion (USD),3.1,3.1,2.9,2.6,2.9,yr
311,"$57,500 /yr (est.)",57500.0,Junior Data Analyst,-1,-1,-1,"Blue Water Thinking
3.5",United States,3.5,0,-1,-1,-1,-1,-1,-1,-1,2.6,3.5,3.3,3.2,3.8,yr
338,$33.99 /hr (est.),70699.2,Data Analyst,8,1,-1,"Ascent IT Solutions
2.9",Remote,2.9,1,-1,-1,-1,-1,-1,-1,-1,3.3,2.2,2.7,2.7,2.3,hr
341,$25.00 /hr (est.),52000.0,Data Analyst,3,1,0,"Infinia Search
4.9",Remote,4.9,1,7,51 to 200 Employees,2016,Company - Private,HR Consulting,Human Resources & Staffing,Unknown / Non-Applicable,4.9,4.7,4.8,4.8,4.8,hr
353,$72.50 /hr (est.),150800.0,Data Analyst,8,1,-1,reach2connect, NJ,-1.0,0,-1,-1,-1,-1,-1,-1,-1,-1.0,-1.0,-1.0,-1.0,-1.0,hr
364,"$45,574 /yr (est.)",45574.0,Junior Data Analyst,0,2,0,"391 Financial
3.0", MO,3.0,0,-1,-1,-1,-1,-1,-1,-1,2.0,4.0,1.0,2.0,5.0,yr
371,"$50,432 /yr (est.)",50432.0,Master Data Analyst,0,2,-1,"Cheney Brothers
3.0", FL,3.0,0,98,Unknown,1925,Company - Private,Catering & Food Service Contractors,Restaurants & Food Service,Unknown / Non-Applicable,2.7,3.4,2.5,2.3,2.6,yr
402,"$90,000 /yr (est.)",90000.0,Data Analyst,-1,-1,-1,Decision Science LLC, MA,-1.0,0,-1,-1,-1,-1,-1,-1,-1,-1.0,-1.0,-1.0,-1.0,-1.0,yr
0,$57.50 /hr (est.),119600.0,AWS Data Engineer,5,1,1,Sthavirsoft Inc, NJ,-1.0,0,-1,-1,-1,-1,-1,-1,-1,-1.0,-1.0,-1.0,-1.0,-1.0,hr
1,$62.50 /hr (est.),130000.0,AWS Data Engineer II | Contract to Hire,3,1,-1,"Spartan Technologies
3.4", GA,3.4,0,16,1 to 50 Employees,2007,Company - Private,Information Technology Support Services,Information Technology,$5 to $25 million (USD),3.0,3.0,2.5,3.7,4.7,hr
2,$72.50 /hr (est.),150800.0,Big Data Engineer,1,2,1,"Fuge Technologies Inc
4.7", NJ,4.7,0,-1,-1,-1,-1,-1,-1,-1,4.7,4.5,4.7,4.3,4.5,hr
3,"$95,000 /yr (est.)",95000.0,Data Engineer,8,3,-1,"LatentView Analytics
4.1", TX,4.1,0,17,1001 to 5000 Employees,2006,Company - Public,Business Consulting,Management & Consulting,$25 to $100 million (USD),4.1,3.6,4.1,3.8,3.8,yr
4,"$85,000 /yr (est.)",85000.0,Data Engineer (Junior),3,1,-1,Schober Consulting LLC, MN,-1.0,0,-1,-1,-1,-1,-1,-1,-1,-1.0,-1.0,-1.0,-1.0,-1.0,yr
5,"$91,842 /yr (est.)",91842.0,Data Engineer,3,1,-1,"Sunwater Capital
4.0", MD,4.0,0,6,1 to 50 Employees,2017,Company - Private,Investment & Asset Management,Financial Services,Unknown / Non-Applicable,-1.0,-1.0,-1.0,-1.0,-1.0,yr
6,"$95,870 /yr (est.)",95870.0,Data Engineer,3,1,1,"Trissential
4.0", MN,4.0,0,20,201 to 500 Employees,2003,Subsidiary or Business Segment,Business Consulting,Management & Consulting,$25 to $100 million (USD),3.8,3.8,4.0,3.9,3.8,yr
7,"$94,507 /yr (est.)",94507.0,AWS Data Engineer,-1,-1,-1,"Experient Group
4.8", GA,4.8,0,22,51 to 200 Employees,2001,Company - Private,Business Consulting,Management & Consulting,$5 to $25 million (USD),4.3,4.5,4.8,4.6,4.8,yr
8,$42.50 /hr (est.),88400.0,Snowflake Data Engineer,5,1,-1,Futuretech Consultants LLC, MS,-1.0,0,-1,-1,-1,-1,-1,-1,-1,-1.0,-1.0,-1.0,-1.0,-1.0,hr
9,"$92,849 /yr (est.)",92849.0,Data Integration Engineer,3,1,0,"CrossFirst Bank
3.7", TX,3.7,0,16,201 to 500 Employees,2007,Company - Public,Banking & Lending,Financial Services,Unknown / Non-Applicable,3.2,3.6,3.8,3.0,3.8,yr
10,"$99,653 /yr (est.)",99653.0,AWS Data Engineer,3,1,1,"Infinitive Inc
3.0", VA,3.0,0,20,51 to 200 Employees,2003,Company - Private,Business Consulting,Management & Consulting,$25 to $100 million (USD),3.1,3.5,3.6,2.9,3.5,yr
11,$105.00 /hr (est.),218400.0,Sr Data Engineer,5,2,1,Riley Consulting LLC,Remote,-1.0,1,-1,-1,-1,-1,-1,-1,-1,-1.0,-1.0,-1.0,-1.0,-1.0,hr
12,$65.00 /hr (est.),135200.0,DATA ENGINEER,8,2,-1,"infinity quest
4.0", WA,4.0,0,17,201 to 500 Employees,2006,Company - Private,Information Technology Support Services,Information Technology,Unknown / Non-Applicable,4.0,3.7,3.9,3.8,3.7,hr
13,"$122,338 /yr (est.)",122338.0,Data Engineer,0,2,1,"Juniper Solutions, Inc.
1.0", NY,1.0,0,-1,-1,-1,-1,-1,-1,-1,-1.0,-1.0,-1.0,-1.0,-1.0,yr
14,"$99,776 /yr (est.)",99776.0,BI Data Engineer I,3,1,-1,"The Boston Beer Company
3.9", MA,3.9,0,39,1001 to 5000 Employees,1984,Company - Public,Food & Beverage Manufacturing,Manufacturing,$1 to $5 billion (USD),3.7,3.6,4.0,3.5,3.5,yr
15,$51.90 /hr (est.),107952.0,Senior Data Engineer,5,2,-1,"Xiar tech inc
3.3", TX,3.3,0,-1,-1,-1,-1,-1,-1,-1,3.3,3.3,3.3,3.3,3.3,hr
16,"$160,000 /yr (est.)",160000.0,Snowflake Data Engineer,8,2,-1,NLB Technology Services,Remote,-1.0,1,-1,-1,-1,-1,-1,-1,-1,-1.0,-1.0,-1.0,-1.0,-1.0,yr
17,"$83,235 /yr (est.)",83235.0,Data Engineer,3,1,-1,"INTELETECH GLOBAL INC
3.7", FL,3.7,0,-1,-1,-1,-1,-1,-1,-1,4.3,3.8,4.2,4.0,3.9,yr
18,$72.50 /hr (est.),150800.0,Data Warehouse Engineer,-1,-1,-1,"Devcare Solutions
3.7", PA,3.7,0,18,51 to 200 Employees,2005,Company - Private,Information Technology Support Services,Information Technology,Unknown / Non-Applicable,3.6,3.9,3.5,3.5,3.6,hr
19,"$4,000 /mo (est.)",48000.0,Data Center Engineer,1,-1,-1,KNN IT, OR,-1.0,0,-1,-1,-1,-1,-1,-1,-1,-1.0,-1.0,-1.0,-1.0,-1.0,mo
20,"$75,000 /yr (est.)",75000.0,Data Engineer,1,2,-1,Staff Bees Solutions, TX,-1.0,0,-1,-1,-1,-1,-1,-1,-1,-1.0,-1.0,-1.0,-1.0,-1.0,yr
21,$50.00 /hr (est.),104000.0,Data Logging Engineer,2,1,-1,"GTA (Global Technology Associates)
4.6", TX,4.6,0,-1,-1,-1,-1,-1,-1,-1,4.4,4.0,4.4,4.0,3.4,hr
22,"$122,500 /yr (est.)",122500.0,Data Engineer,2,1,-1,"Garner Health
3.5", TX,3.5,0,4,51 to 200 Employees,2019,Company - Private,Health Care Services & Hospitals,Healthcare,Unknown / Non-Applicable,3.5,3.4,3.3,3.2,3.3,yr
23,"$112,500 /yr (est.)",112500.0,SQL Data Engineer,3,1,-1,"HealthComp
3.2", TX,3.2,0,29,501 to 1000 Employees,1994,Company - Private,Health Care Services & Hospitals,Healthcare,$25 to $100 million (USD),2.9,2.7,2.8,2.3,2.8,yr
24,$75.00 /hr (est.),156000.0,Data Engineer,8,2,-1,"RJT Compuquest
3.7", MO,3.7,0,27,501 to 1000 Employees,1996,Company - Private,Information Technology Support Services,Information Technology,$25 to $100 million (USD),3.8,3.6,3.6,3.6,3.7,hr
25,$45.16 /hr (est.),93932.8,Data Engineer,10,1,-1,"Binary Tech corp
3.7", NC,3.7,0,-1,-1,-1,-1,-1,-1,-1,2.5,2.0,2.5,1.5,2.5,hr
26,$77.50 /hr (est.),161200.0,Snowflake Data Engineer,-1,-1,-1,"ASA
3.6",Remote,3.6,1,24,51 to 200 Employees,1999,Company - Private,Enterprise Software & Network Solutions,Information Technology,$25 to $100 million (USD),3.6,3.4,3.5,3.6,3.5,hr
27,$86.00 /hr (est.),178880.0,Senior Big Data Engineer,-1,-1,-1,"ASA
3.6", TX,3.6,0,24,51 to 200 Employees,1999,Company - Private,Enterprise Software & Network Solutions,Information Technology,$25 to $100 million (USD),3.6,3.4,3.5,3.6,3.5,hr
28,$50.00 /hr (est.),104000.0,ETL Data Engineer,8,1,1,narwal, MD,-1.0,0,-1,-1,-1,-1,-1,-1,-1,-1.0,-1.0,-1.0,-1.0,-1.0,hr
29,$55.00 /hr (est.),114400.0,Data Engineer - Onsite,2,1,-1,"CTI Consulting
4.6", FL,4.6,0,-1,-1,-1,-1,-1,-1,-1,4.8,4.6,4.5,4.8,4.6,hr
30,$60.50 /hr (est.),125840.0,Data Center Engineer,0,2,-1,"TechMatrix Inc
3.4", NJ,3.4,0,-1,-1,-1,-1,-1,-1,-1,3.5,2.5,3.1,2.4,2.9,hr
31,$72.50 /hr (est.),150800.0,Azure Data Engineer,10,1,-1,"Denken Solutions Inc
4.2", MO,4.2,0,13,501 to 1000 Employees,2010,Company - Private,Information Technology Support Services,Information Technology,$25 to $100 million (USD),4.2,4.1,4.1,4.1,4.3,hr
32,"$106,478 /yr (est.)",106478.0,Data Engineer,5,2,-1,"Azurity Pharmaceuticals, Inc.
3.1", OR,3.1,0,24,201 to 500 Employees,1999,Company - Private,Biotech & Pharmaceuticals,Pharmaceutical & Biotechnology,$100 to $500 million (USD),3.2,3.1,3.0,3.0,3.3,yr
33,$43.50 /hr (est.),90480.0,Data Engineer,10,1,-1,"Appsintegration INC
4.5", KY,4.5,0,-1,-1,-1,-1,-1,-1,-1,4.5,3.5,4.0,3.5,4.5,hr
34,$50.00 /hr (est.),104000.0,Data Engineer,5,-1,-1,"Kastech Software Solutions Group
4.0", TX,4.0,0,15,201 to 500 Employees,2008,Company - Private,Information Technology Support Services,Information Technology,$25 to $100 million (USD),3.8,3.5,3.8,3.9,3.8,hr
35,"$70,000 /yr (est.)",70000.0,Data Engineer (PAID BOOTCAMP),1,1,-1,"PCS GLOBAL TECH
4.7", NY,4.7,0,-1,-1,-1,-1,-1,-1,-1,4.6,4.5,4.6,4.6,4.2,yr
36,$75.00 /hr (est.),156000.0,Data Engineer,10,2,-1,"Compunnel Inc.
4.2",Remote,4.2,1,29,1001 to 5000 Employees,1994,Company - Private,Information Technology Support Services,Information Technology,$100 to $500 million (USD),4.1,3.9,4.1,4.0,4.1,hr
37,"$105,000 /yr (est.)",105000.0,Data Engineer,3,2,1,NLB Technology Services,Remote,-1.0,1,-1,-1,-1,-1,-1,-1,-1,-1.0,-1.0,-1.0,-1.0,-1.0,yr
38,"$136,072 /yr (est.)",136072.0,Data Communications Engineer - III,0,1,1,"GTA (Global Technology Associates)
4.6", CA,4.6,0,-1,-1,-1,-1,-1,-1,-1,4.4,4.0,4.4,4.0,3.4,yr
39,"$130,500 /yr (est.)",130500.0,Big Data Engineer,0,1,-1,"Basis Technologies
4.3", IL,4.3,0,22,501 to 1000 Employees,2001,Company - Private,Internet & Web Services,Information Technology,$100 to $500 million (USD),4.1,4.3,4.3,4.0,4.3,yr
40,$50.00 /hr (est.),104000.0,Data Visualization Engineer,3,2,1,"Vertex Group
3.7", OH,3.7,0,-1,-1,-1,-1,-1,-1,-1,3.0,3.8,3.7,3.5,3.9,hr
41,$75.00 /hr (est.),156000.0,Senior Data Engineer,9,2,-1,"Stellar Inc.
2.0", TX,2.0,0,-1,-1,-1,-1,-1,-1,-1,5.0,2.0,3.0,2.0,1.0,hr
42,"$75,804 /yr (est.)",75804.0,Data Engineer with Snowflake,0,2,1,"Kaizen Technologies
4.0", NC,4.0,0,-1,-1,-1,-1,-1,-1,-1,4.2,4.0,4.1,3.9,3.9,yr
43,"$100,789 /yr (est.)",100789.0,Data Engineer,2,1,1,"Repstor
4.3", NC,4.3,0,23,501 to 1000 Employees,2000,Company - Public,Enterprise Software & Network Solutions,Information Technology,$100 to $500 million (USD),4.2,4.1,4.3,4.0,4.0,yr
44,$75.00 /hr (est.),156000.0,Sr. Data Engineer (Hybrid),5,1,-1,"RelMap Consulting
4.8", TX,4.8,0,13,1 to 50 Employees,2010,Company - Private,Information Technology Support Services,Information Technology,$1 to $5 million (USD),4.6,4.8,4.9,5.0,4.8,hr
45,"$125,000 /yr (est.)",125000.0,Data Engineer,4,1,-1,"Sanametrix
3.8",Remote,3.8,1,-1,-1,-1,-1,-1,-1,-1,2.8,3.7,3.4,3.0,4.2,yr
46,"$126,970 /yr (est.)",126970.0,Data Engineer,4,1,-1,"Luminar
3.7", CA,3.7,0,11,201 to 500 Employees,2012,Company - Public,Computer Hardware Development,Information Technology,Unknown / Non-Applicable,3.9,4.1,3.4,3.1,3.4,yr
47,$71.50 /hr (est.),148720.0,DATA ENGINEER,0,1,-1,"STAND 8
4.4",Remote,4.4,1,-1,-1,-1,-1,-1,-1,-1,4.0,4.1,4.7,4.7,4.4,hr
48,"$110,441 /yr (est.)",110441.0,Senior AWS Data Engineer,10,1,1,"JSR Tech Consulting
5.0", NJ,5.0,0,8,51 to 200 Employees,2015,Company - Private,Information Technology Support Services,Information Technology,$5 to $25 million (USD),5.0,4.0,5.0,5.0,5.0,yr
49,$57.50 /hr (est.),119600.0,DATA ENGINEER,10,2,-1,"MARVEL TECHNOLOGIES INC
3.7",Remote,3.7,1,-1,-1,-1,-1,-1,-1,-1,3.9,3.6,3.9,3.8,3.6,hr
50,"$105,802 /yr (est.)",105802.0,Data Engineer,0,1,-1,"Timescale
5.0", FL,5.0,0,8,51 to 200 Employees,2015,Company - Private,Enterprise Software & Network Solutions,Information Technology,Unknown / Non-Applicable,4.9,4.5,4.9,4.9,4.7,yr
51,$52.23 /hr (est.),108638.4,Big Data Engineer,0,1,1,"TAA Solutions LLC
5.0",Remote,5.0,1,-1,-1,-1,-1,-1,-1,-1,5.0,5.0,5.0,5.0,5.0,hr
52,"$97,389 /yr (est.)",97389.0,Data Engineer,3,1,-1,"Analytic Partners
3.6", TX,3.6,0,23,201 to 500 Employees,2000,Company - Private,Enterprise Software & Network Solutions,Information Technology,Unknown / Non-Applicable,3.3,3.3,3.6,3.7,3.2,yr
53,$62.50 /hr (est.),130000.0,Data Engineer,1,2,-1,Mericaninc, GA,-1.0,0,-1,-1,-1,-1,-1,-1,-1,-1.0,-1.0,-1.0,-1.0,-1.0,hr
54,"$129,250 /yr (est.)",129250.0,Data Engineer,0,1,-1,"Peloton
3.5", NY,3.5,0,11,1001 to 5000 Employees,2012,Company - Public,Internet & Web Services,Information Technology,Unknown / Non-Applicable,3.1,4.0,3.7,2.9,3.6,yr
55,"$112,071 /yr (est.)",112071.0,Data Engineer,0,1,1,"McDonald's Corporation
3.5", IL,3.5,0,68,10000+ Employees,1955,Company - Public,Restaurants & Cafes,Restaurants & Food Service,$10+ billion (USD),3.3,3.0,3.2,3.2,3.2,yr
56,$75.00 /hr (est.),156000.0,Data Engineer,8,1,-1,"BigLynx Computer Software
4.9", WA,4.9,0,-1,-1,-1,-1,-1,-1,-1,4.8,4.6,4.8,4.9,4.8,hr
57,"$90,913 /yr (est.)",90913.0,NextGen Data Engineer,2,1,-1,"BICP
5.0", OR,5.0,0,14,1 to 50 Employees,2009,Company - Private,Information Technology Support Services,Information Technology,$5 to $25 million (USD),4.7,4.8,4.9,5.0,4.9,yr
58,"$83,685 /yr (est.)",83685.0,SQL Data Engineer - Snowflake,6,2,-1,"Perceptive Recruiting, LLC", SC,-1.0,0,-1,-1,-1,-1,-1,-1,-1,-1.0,-1.0,-1.0,-1.0,-1.0,yr
61,"$93,810 /yr (est.)",93810.0,SQL Data Engineer,0,1,-1,"Codeworks, L.L.C.
4.3", WI,4.3,0,-1,-1,-1,-1,-1,-1,-1,4.0,3.9,4.0,4.0,3.8,yr
62,"$100,000 /yr (est.)",100000.0,Data Engineer,2,1,1,"e-Business International Inc.,
3.6", FL,3.6,0,31,51 to 200 Employees,1992,Company - Private,Information Technology Support Services,Information Technology,Unknown / Non-Applicable,3.5,3.5,3.7,3.6,3.7,yr
63,$62.00 /hr (est.),128960.0,Data Engineer,5,1,1,"Simplelogix
3.5", IL,3.5,0,-1,-1,-1,-1,-1,-1,-1,3.3,3.0,3.5,3.5,3.6,hr
65,"$76,982 /yr (est.)",76982.0,Data Engineer- Process Improvement,1,1,1,Lincare, FL,-1.0,0,-1,-1,-1,-1,-1,-1,-1,-1.0,-1.0,-1.0,-1.0,-1.0,yr
66,"$100,579 /yr (est.)",100579.0,Data Engineer,5,1,1,"Sky Consulting Inc
4.0", IL,4.0,0,-1,-1,-1,-1,-1,-1,-1,2.0,2.0,2.0,3.0,3.0,yr
68,"$65,000 /yr (est.)",65000.0,Data Engineer I,2,1,1,"Wright State University
3.8", OH,3.8,0,61,1001 to 5000 Employees,1962,College / University,Colleges & Universities,Education,$100 to $500 million (USD),3.1,3.0,3.6,3.0,3.6,yr
69,"$105,000 /yr (est.)",105000.0,Data Engineer - Healthgrades,0,2,-1,"RVO Health
3.2", CO,3.2,0,1,1001 to 5000 Employees,2022,Company - Private,Hospitals & Health Clinics,Healthcare,Unknown / Non-Applicable,3.2,3.4,3.2,3.2,3.8,yr
70,"$127,500 /yr (est.)",127500.0,Data Science Engineer,1,2,1,"Garner Health
3.5", NY,3.5,0,4,51 to 200 Employees,2019,Company - Private,Health Care Services & Hospitals,Healthcare,Unknown / Non-Applicable,3.5,3.4,3.3,3.2,3.3,yr
71,"$80,007 /yr (est.)",80007.0,Data Engineer I,3,1,-1,"Freeport McMoRan
4.1", AZ,4.1,0,-1,-1,-1,-1,-1,-1,-1,3.8,4.3,3.7,3.3,3.5,yr
72,"$95,595 /yr (est.)",95595.0,Data Analytics Engineer - SOCOM,0,1,-1,"Barbaricum
3.9", FL,3.9,0,15,51 to 200 Employees,2008,Company - Private,Business Consulting,Management & Consulting,$5 to $25 million (USD),3.6,3.8,4.1,3.8,3.5,yr
73,"$116,237 /yr (est.)",116237.0,Sr. Data Engineer,-1,-1,-1,"ConnectiveRx
3.1", NJ,3.1,0,8,1001 to 5000 Employees,2015,Company - Private,Biotech & Pharmaceuticals,Pharmaceutical & Biotechnology,Unknown / Non-Applicable,3.0,3.2,3.0,2.5,2.9,yr
74,"$85,000 /yr (est.)",85000.0,Data Engineer,4,1,1,"Massachusetts Office of the Inspector General
3.8", MA,3.8,0,-1,-1,-1,-1,-1,-1,-1,3.0,4.4,3.5,3.0,4.2,yr
75,"$129,500 /yr (est.)",129500.0,Data Engineer (Linux),5,2,-1,"DT Professional Services
4.7", MD,4.7,0,-1,-1,-1,-1,-1,-1,-1,5.0,5.0,5.0,5.0,5.0,yr
76,"$94,374 /yr (est.)",94374.0,Data Engineer/DBA,0,1,-1,"Tygart Technology, Inc
4.7", VA,4.7,0,-1,-1,-1,-1,-1,-1,-1,4.2,4.5,4.8,4.7,4.9,yr
77,"$94,416 /yr (est.)",94416.0,Data Engineer,5,1,-1,"Skyla Credit Union
3.5", NC,3.5,0,-1,-1,-1,-1,-1,-1,-1,2.9,2.8,3.5,3.0,3.1,yr
79,"$111,650 /yr (est.)",111650.0,Data Engineer,0,2,-1,"FlexIT Inc
4.0", OR,4.0,0,-1,-1,-1,-1,-1,-1,-1,5.0,3.0,5.0,5.0,3.0,yr
80,"$110,455 /yr (est.)",110455.0,Big Data Engineer,5,-1,1,"Virtualware Innovations
4.6", TX,4.6,0,-1,-1,-1,-1,-1,-1,-1,4.6,4.6,5.0,4.6,5.0,yr
83,"$130,613 /yr (est.)",130613.0,Senior Data Engineer (US Remote),-1,-1,-1,"Swyfft
4.1", WA,4.1,0,-1,-1,-1,-1,-1,-1,-1,3.9,4.0,4.8,3.3,4.4,yr
84,"$150,000 /yr (est.)",150000.0,Senior Engineer Big Data,5,1,1,"Amex
4.2", AZ,4.2,0,173,10000+ Employees,1850,Company - Public,Financial Transaction Processing,Financial Services,$10+ billion (USD),3.9,4.0,4.3,3.9,4.1,yr
86,"$94,963 /yr (est.)",94963.0,Senior Data Engineer (Remote),5,1,0,"CareFirst BlueCross BlueShield
3.5", MD,3.5,0,81,5001 to 10000 Employees,1942,Company - Private,Insurance Carriers,Insurance,$100 to $500 million (USD),3.2,3.4,3.4,2.9,3.4,yr
87,"$109,500 /yr (est.)",109500.0,Senior Vulnerability Management â€“ Data Engineer (Remote Option*),5,1,1,"Nike
4.2", OR,4.2,0,51,10000+ Employees,1972,Company - Public,Consumer Product Manufacturing,Manufacturing,$10+ billion (USD),3.7,3.9,4.1,3.6,3.8,yr
90,"$109,190 /yr (est.)",109190.0,Senior Data Engineer (Azure),7,1,1,"Momentum Consulting
4.4", FL,4.4,0,29,51 to 200 Employees,1994,Private Practice / Firm,Business Consulting,Management & Consulting,$25 to $100 million (USD),3.7,3.8,4.3,4.1,4.1,yr
91,$45.00 /hr (est.),93600.0,Cloud Big-Data Engineer,5,2,1,"PhasorSoft Group
4.0", MS,4.0,0,-1,-1,-1,-1,-1,-1,-1,-1.0,-1.0,-1.0,-1.0,-1.0,hr
93,"$113,557 /yr (est.)",113557.0,Data Infrastructure Engineer,0,1,-1,Tasktoday, CA,-1.0,0,-1,-1,-1,-1,-1,-1,-1,-1.0,-1.0,-1.0,-1.0,-1.0,yr
94,"$94,360 /yr (est.)",94360.0,Data Engineer,0,1,1,"RADcube
3.6", OH,3.6,0,-1,-1,-1,-1,-1,-1,-1,3.6,3.2,3.6,3.4,3.6,yr
96,"$87,386 /yr (est.)",87386.0,Snowflake Data Engineer,4,1,1,"Infosys
3.3", TX,3.3,0,42,10000+ Employees,1981,Company - Public,Information Technology Support Services,Information Technology,$10+ billion (USD),3.3,2.8,3.3,2.9,3.3,yr
97,"$143,734 /yr (est.)",143734.0,Senior Data Engineer,0,1,-1,"Citadel Securities
4.1", FL,4.1,0,22,201 to 500 Employees,2001,Company - Private,Investment & Asset Management,Financial Services,Unknown / Non-Applicable,4.0,4.5,3.6,3.8,2.8,yr
99,"$114,592 /yr (est.)",114592.0,Senior Software Engineer - Data Technologies,10,1,1,"PRGX Global, Inc
3.7", GA,3.7,0,27,1001 to 5000 Employees,1996,Company - Public,Accounting & Tax,Financial Services,$25 to $100 million (USD),3.3,3.1,3.5,3.4,4.0,yr
100,"$132,000 /yr (est.)",132000.0,IT Data BI Engineer,3,1,-1,"Mizuho Americas
3.4", NY,3.4,0,21,10000+ Employees,2002,Company - Public,Investment & Asset Management,Financial Services,Unknown / Non-Applicable,3.2,3.4,3.4,3.0,3.1,yr
101,$65.00 /hr (est.),135200.0,Data Engineer lead,9,2,1,"princeton it services
4.2", MA,4.2,0,15,1 to 50 Employees,2008,Private Practice / Firm,Information Technology Support Services,Information Technology,$1 to $5 million (USD),3.9,3.9,3.9,3.9,4.3,hr
102,"$106,662 /yr (est.)",106662.0,Sr. Java/Big Data Software Engineers,0,2,-1,"Explicit Systems USA
4.0", MN,4.0,0,-1,-1,-1,-1,-1,-1,-1,5.0,5.0,5.0,5.0,5.0,yr
103,"$91,975 /yr (est.)",91975.0,Junior SAP Data Engineer,3,1,0,"Wilson Sporting Goods Co.
3.8", IL,3.8,0,109,1001 to 5000 Employees,1914,Subsidiary or Business Segment,Consumer Product Manufacturing,Manufacturing,$500 million to $1 billion (USD),3.3,3.5,3.8,3.3,3.7,yr
104,"$103,584 /yr (est.)",103584.0,Data Infrastructure Engineer,3,1,-1,"YAVLI
5.0", NY,5.0,0,-1,-1,-1,-1,-1,-1,-1,5.0,5.0,5.0,5.0,5.0,yr
105,"$63,674 /yr (est.)",63674.0,DATA CENTER ENGINEER I Grade 19,0,1,1,"Fulton County, GA
3.6",United States,3.6,0,-1,-1,-1,-1,-1,-1,-1,3.3,3.5,3.3,3.0,3.4,yr
106,$82.50 /hr (est.),171600.0,Data Cloud Engineer-Hybrid,0,2,1,"Aries Solutions
4.3", NC,4.3,0,-1,-1,-1,-1,-1,-1,-1,4.3,4.0,4.3,4.3,4.3,hr
107,$86.00 /hr (est.),178880.0,Senior Big Data Engineer,3,1,-1,"ASA
3.6", WA,3.6,0,24,51 to 200 Employees,1999,Company - Private,Enterprise Software & Network Solutions,Information Technology,$25 to $100 million (USD),3.6,3.4,3.5,3.6,3.5,hr
114,$110.00 /hr (est.),228800.0,Contract Senior Data Integration BA/Engineer,10,1,1,"Trf Technologies
3.6", NY,3.6,0,-1,-1,-1,-1,-1,-1,-1,2.9,2.9,2.9,2.9,2.9,hr
115,"$140,000 /yr (est.)",140000.0,Senior Data Engineer,4,1,1,"Encore Technologies
4.4", GA,4.4,0,9,201 to 500 Employees,2014,Company - Private,Information Technology Support Services,Information Technology,$100 to $500 million (USD),4.2,4.1,4.3,4.1,4.3,yr
117,"$155,000 /yr (est.)",155000.0,Data Engineer,5,1,-1,"Snakorpio Group, Inc.", NJ,-1.0,0,-1,-1,-1,-1,-1,-1,-1,-1.0,-1.0,-1.0,-1.0,-1.0,yr
119,"$116,237 /yr (est.)",116237.0,Sr. Data Engineer,0,1,1,"ConnectiveRx
3.1", NJ,3.1,0,8,1001 to 5000 Employees,2015,Company - Private,Biotech & Pharmaceuticals,Pharmaceutical & Biotechnology,Unknown / Non-Applicable,3.0,3.2,3.0,2.5,2.9,yr
121,"$120,862 /yr (est.)",120862.0,Senior Data Engineer,0,1,1,"AgentSync
4.1", CO,4.1,0,5,201 to 500 Employees,2018,Company - Private,Enterprise Software & Network Solutions,Information Technology,$25 to $100 million (USD),4.2,4.4,4.0,3.9,3.8,yr
122,"$133,798 /yr (est.)",133798.0,Senior Data Engineer,7,2,1,"Shutterfly
3.3", SC,3.3,0,24,10000+ Employees,1999,Company - Private,Internet & Web Services,Information Technology,$1 to $5 billion (USD),3.0,3.1,3.3,2.8,3.5,yr
124,"$143,734 /yr (est.)",143734.0,Senior Data Engineer,-1,-1,-1,"Citadel Securities
4.1", FL,4.1,0,22,201 to 500 Employees,2001,Company - Private,Investment & Asset Management,Financial Services,Unknown / Non-Applicable,4.0,4.5,3.6,3.8,2.8,yr
125,"$88,469 /yr (est.)",88469.0,Data Engineer,3,1,-1,"MyCare Medical Group
4.0", FL,4.0,0,5,501 to 1000 Employees,2018,Company - Private,Health Care Services & Hospitals,Healthcare,Unknown / Non-Applicable,3.9,4.0,4.0,3.9,3.9,yr
126,"$110,000 /yr (est.)",110000.0,Data Integrations Engineer,5,1,1,"ShareThis, Inc
3.9", CA,3.9,0,16,51 to 200 Employees,2007,Company - Private,Internet & Web Services,Information Technology,$25 to $100 million (USD),3.9,4.1,3.9,3.8,4.3,yr
127,$70.00 /hr (est.),145600.0,Sr. Data Engineer,6,2,-1,DataPattern, CA,-1.0,0,-1,-1,-1,-1,-1,-1,-1,-1.0,-1.0,-1.0,-1.0,-1.0,hr
129,"$115,000 /yr (est.)",115000.0,Senior Data Engineer,10,1,0,"YSI
3.7", VA,3.7,0,12,10000+ Employees,2011,Company - Public,Machinery Manufacturing,Manufacturing,$1 to $5 billion (USD),3.2,3.5,3.5,3.1,3.5,yr
130,"$113,929 /yr (est.)",113929.0,Senior Data Engineer,3,1,1,"GeniusRx
2.9", FL,2.9,0,3,51 to 200 Employees,2020,Company - Private,Health Care Services & Hospitals,Healthcare,Unknown / Non-Applicable,3.1,3.2,3.1,2.9,3.3,yr
132,$75.00 /hr (est.),156000.0,AWS Data Engineer(Tech Lead),8,2,1,"BigLynx Computer Software
4.9", WA,4.9,0,-1,-1,-1,-1,-1,-1,-1,4.8,4.6,4.8,4.9,4.8,hr
133,$75.00 /hr (est.),156000.0,Snowflake Data Engineer,8,1,-1,"BigLynx Computer Software
4.9", WA,4.9,0,-1,-1,-1,-1,-1,-1,-1,4.8,4.6,4.8,4.9,4.8,hr
134,$43.38 /hr (est.),90230.4,Data Engineer,10,1,1,"Infomatics Corp
4.7",Remote,4.7,1,18,51 to 200 Employees,2005,Company - Private,Business Consulting,Management & Consulting,$5 to $25 million (USD),4.7,4.5,4.6,4.6,4.6,hr
135,$75.00 /hr (est.),156000.0,AWS Data Engineer(Tech Lead),-1,-1,-1,"BigLynx Computer Software
4.9", WA,4.9,0,-1,-1,-1,-1,-1,-1,-1,4.8,4.6,4.8,4.9,4.8,hr
136,$86.00 /hr (est.),178880.0,Senior Big Data Engineer,3,1,-1,"ASA
3.6", TX,3.6,0,24,51 to 200 Employees,1999,Company - Private,Enterprise Software & Network Solutions,Information Technology,$25 to $100 million (USD),3.6,3.4,3.5,3.6,3.5,hr
137,"$97,837 /yr (est.)",97837.0,Data Engineer,0,1,-1,"Southern Glazerâ€™s Wine and Spirits
3.6", TX,3.6,0,55,10000+ Employees,1968,Company - Private,Wholesale,Retail & Wholesale,$10+ billion (USD),3.5,3.6,3.4,3.2,3.3,yr
138,"$92,902 /yr (est.)",92902.0,Data Engineer,0,1,1,"American Power & Gas
2.5", FL,2.5,0,13,201 to 500 Employees,2010,Company - Private,Energy & Utilities,"Energy, Mining & Utilities",$100 to $500 million (USD),2.6,2.8,2.4,2.7,2.7,yr
140,"$119,000 /yr (est.)",119000.0,Data Engineer,0,2,1,"MCG Health
4.6", WA,4.6,0,35,201 to 500 Employees,1988,Subsidiary or Business Segment,Health Care Services & Hospitals,Healthcare,Unknown / Non-Applicable,4.3,4.4,4.6,4.5,4.5,yr
142,$62.50 /hr (est.),130000.0,Data Engineer,11,2,-1,"Okaya infocom
4.0", NJ,4.0,0,17,Unknown,2006,Self-employed,Information Technology Support Services,Information Technology,Unknown / Non-Applicable,3.7,3.8,3.9,3.5,3.8,hr
143,"$115,231 /yr (est.)",115231.0,Big Data Engineer,0,1,-1,Softwhiz, NY,-1.0,0,-1,-1,-1,-1,-1,-1,-1,-1.0,-1.0,-1.0,-1.0,-1.0,yr
145,$75.00 /hr (est.),156000.0,Senior Data Engineer (Hybrid),5,1,-1,"RelMap Consulting
4.8", TX,4.8,0,13,1 to 50 Employees,2010,Company - Private,Information Technology Support Services,Information Technology,$1 to $5 million (USD),4.6,4.8,4.9,5.0,4.8,hr
147,"$106,696 /yr (est.)",106696.0,Data Engineer,5,1,-1,"InfoQuest Consulting Group Inc.
4.5", PA,4.5,0,-1,-1,-1,-1,-1,-1,-1,4.5,4.1,4.5,4.3,3.1,yr
149,$61.87 /hr (est.),128689.6,Data Engineer,6,1,-1,DataPattern, CA,-1.0,0,-1,-1,-1,-1,-1,-1,-1,-1.0,-1.0,-1.0,-1.0,-1.0,hr
152,"$101,648 /yr (est.)",101648.0,Data Engineer,5,-1,-1,"Virtualware Innovations
4.6", TX,4.6,0,-1,-1,-1,-1,-1,-1,-1,4.6,4.6,5.0,4.6,5.0,yr
153,"$117,500 /yr (est.)",117500.0,Jr data engineer,3,1,-1,"Kalani Consulting
5.0",Remote,5.0,1,-1,-1,-1,-1,-1,-1,-1,4.0,5.0,5.0,5.0,5.0,yr
156,"$108,898 /yr (est.)",108898.0,Big Data Engineer,0,2,1,"Alt Shift USA
4.0", TX,4.0,0,-1,-1,-1,-1,-1,-1,-1,4.0,3.6,4.0,4.0,4.0,yr
157,"$117,500 /yr (est.)",117500.0,Jr data engineer,-1,-1,-1,"Kalani Consulting
5.0",Remote,5.0,1,-1,-1,-1,-1,-1,-1,-1,4.0,5.0,5.0,5.0,5.0,yr
161,"$96,680 /yr (est.)",96680.0,Data Engineer,3,1,1,"AvidXchange
3.7", CA,3.7,0,23,1001 to 5000 Employees,2000,Company - Public,Software Development,Information Technology,$100 to $500 million (USD),3.7,3.6,3.8,3.4,3.9,yr
173,"$85,000 /yr (est.)",85000.0,Data Engineer,-1,-1,-1,DocsInk LLC, NC,-1.0,0,-1,-1,-1,-1,-1,-1,-1,-1.0,-1.0,-1.0,-1.0,-1.0,yr
175,$60.00 /hr (est.),124800.0,Big Data Engineer,8,2,-1,keasis Inc, DE,-1.0,0,-1,-1,-1,-1,-1,-1,-1,-1.0,-1.0,-1.0,-1.0,-1.0,hr
179,"$95,595 /yr (est.)",95595.0,Data Analytics Engineer - SOCOM,-1,-1,-1,"Barbaricum
3.9", FL,3.9,0,15,51 to 200 Employees,2008,Company - Private,Business Consulting,Management & Consulting,$5 to $25 million (USD),3.6,3.8,4.1,3.8,3.5,yr
185,$75.00 /hr (est.),156000.0,Databricks Data Engineer,7,1,-1,"BigLynx Computer Software
4.9", WA,4.9,0,-1,-1,-1,-1,-1,-1,-1,4.8,4.6,4.8,4.9,4.8,hr
196,"$72,014 /yr (est.)",72014.0,Associate Data Engineer,3,1,1,"Benson Hill
3.5", MO,3.5,0,11,51 to 200 Employees,2012,Company - Private,Biotech & Pharmaceuticals,Pharmaceutical & Biotechnology,$1 to $5 million (USD),3.4,3.8,3.7,3.1,3.2,yr
201,"$85,000 /yr (est.)",85000.0,Data Engineer,2,1,0,DocsInk LLC, NC,-1.0,0,-1,-1,-1,-1,-1,-1,-1,-1.0,-1.0,-1.0,-1.0,-1.0,yr
220,$62.50 /hr (est.),130000.0,Data Engineer,-1,-1,-1,"Okaya infocom
4.0", NJ,4.0,0,17,Unknown,2006,Self-employed,Information Technology Support Services,Information Technology,Unknown / Non-Applicable,3.7,3.8,3.9,3.5,3.8,hr
224,"$83,235 /yr (est.)",83235.0,Data Engineer,3,1,-1,"INTELETECH GLOBAL INC
3.7", FL,3.7,0,17,1 to 50 Employees,2006,Self-employed,Information Technology Support Services,Information Technology,Unknown / Non-Applicable,4.3,3.8,4.2,4.0,3.9,yr
226,"$79,585 /yr (est.)",79585.0,Associate Data Engineer,0,1,0,"MedSpeed
3.3", IL,3.3,0,-1,-1,-1,-1,-1,-1,-1,2.8,2.6,3.4,3.1,3.5,yr
230,"$83,353 /yr (est.)",83353.0,Data Engineer [USA - Remote],1,1,0,"AURA TECHNOLOGIES LLC.
4.8", NC,4.8,0,8,1 to 50 Employees,2015,Company - Private,Aerospace & Defense,Aerospace & Defense,Unknown / Non-Applicable,4.7,3.5,4.8,4.8,5.0,yr
235,"$104,604 /yr (est.)",104604.0,Big Data Engineer,0,2,-1,"Sky Consulting Inc
4.0", MN,4.0,0,-1,-1,-1,-1,-1,-1,-1,2.0,2.0,2.0,3.0,3.0,yr
252,"$106,696 /yr (est.)",106696.0,Data Engineer,-1,-1,-1,"InfoQuest Consulting Group Inc.
4.5", PA,4.5,0,-1,-1,-1,-1,-1,-1,-1,4.5,4.1,4.5,4.3,3.1,yr
261,"$103,232 /yr (est.)",103232.0,Big Data Engineer BDE21-1,0,1,-1,"Datasync Techonlogies Inc
4.9", VA,4.9,0,20,1 to 50 Employees,2003,Company - Private,Information Technology Support Services,Information Technology,Unknown / Non-Applicable,5.0,5.0,5.0,5.0,4.9,yr
266,$43.38 /hr (est.),90230.4,Data Engineer,3,1,1,"Infomatics Corp
4.7",Remote,4.7,1,18,51 to 200 Employees,2005,Company - Private,Business Consulting,Management & Consulting,$5 to $25 million (USD),4.7,4.5,4.6,4.6,4.6,hr
272,$62.50 /hr (est.),130000.0,Data Engineer,11,2,-1,"Okaya infocom
4.0", NJ,4.0,0,17,Unknown,2006,Self-employed,Information Technology Support Services,Information Technology,Less than $1 million (USD),3.7,3.8,3.9,3.5,3.8,hr
286,$64.50 /hr (est.),134160.0,Data Engineer- Hadoop,7,2,-1,"Data Inc
3.8", NC,3.8,0,40,501 to 1000 Employees,1983,Company - Private,Information Technology Support Services,Information Technology,$25 to $100 million (USD),3.8,3.8,3.6,3.5,3.8,hr
290,"$103,925 /yr (est.)",103925.0,Data Engineer,5,2,1,Techadox, NJ,-1.0,0,-1,-1,-1,-1,-1,-1,-1,-1.0,-1.0,-1.0,-1.0,-1.0,yr
292,"$96,680 /yr (est.)",96680.0,Data Engineer,-1,-1,-1,"AvidXchange
3.7", CA,3.7,0,23,1001 to 5000 Employees,2000,Company - Public,Software Development,Information Technology,$100 to $500 million (USD),3.7,3.6,3.8,3.4,3.9,yr
293,"$85,000 /yr (est.)",85000.0,Data Engineer (Junior),-1,-1,-1,-1, MN,-1.0,0,-1,-1,-1,-1,-1,-1,-1,-1.0,-1.0,-1.0,-1.0,-1.0,yr
311,"$131,461 /yr (est.)",131461.0,"Co-op, Data Engineer",0,2,1,Exo Therapeutics, MA,-1.0,0,-1,-1,-1,-1,-1,-1,-1,-1.0,-1.0,-1.0,-1.0,-1.0,yr
319,"$117,500 /yr (est.)",117500.0,Jr data engineer,0,2,-1,"Kalani Consulting
5.0",Remote,5.0,1,-1,-1,-1,-1,-1,-1,-1,4.0,5.0,5.0,5.0,5.0,yr
327,"$151,777 /yr (est.)",151777.0,Sr. Big Data Engineer,3,1,1,"spar information systems
3.5",Remote,3.5,1,11,201 to 500 Employees,2012,Company - Private,Information Technology Support Services,Information Technology,$25 to $100 million (USD),3.6,3.5,3.4,3.6,3.6,yr
331,$62.50 /hr (est.),130000.0,SR. Data Engineer,10,2,-1,Kommforcesolutions, TX,-1.0,0,-1,-1,-1,-1,-1,-1,-1,-1.0,-1.0,-1.0,-1.0,-1.0,hr
334,"$151,777 /yr (est.)",151777.0,Sr. Big Data Engineer,0,1,1,-1,Remote,3.5,1,11,201 to 500 Employees,2012,Company - Private,Information Technology Support Services,Information Technology,$25 to $100 million (USD),3.6,3.5,3.4,3.6,3.6,yr
353,$64.00 /hr (est.),133120.0,Data Quality Engineer,1,2,-1,"Kairos Technologies
4.6", TX,4.6,0,20,51 to 200 Employees,2003,Company - Private,Information Technology Support Services,Information Technology,$5 to $25 million (USD),4.3,4.1,4.2,4.3,4.2,hr
358,$64.50 /hr (est.),134160.0,Data Engineer,7,2,-1,"Garner Health
3.5", TX,3.5,0,40,501 to 1000 Employees,1983,Company - Private,Information Technology Support Services,Information Technology,$25 to $100 million (USD),-1.0,-1.0,-1.0,-1.0,-1.0,hr
359,$65.00 /hr (est.),135200.0,DATA ENGINEER,-1,-1,-1,"infinity quest
4.0", WA,4.0,0,17,201 to 500 Employees,2006,Company - Private,Information Technology Support Services,Information Technology,Unknown / Non-Applicable,4.0,3.7,3.9,3.8,3.7,hr
361,$65.00 /hr (est.),135200.0,Big Data Engineer,4,2,-1,"IT Engagements,Inc.", TX,-1.0,0,-1,-1,-1,-1,-1,-1,-1,-1.0,-1.0,-1.0,-1.0,-1.0,hr
364,$86.00 /hr (est.),178880.0,Senior Big Data Engineer,6,1,1,"ASA
3.6", TX,3.6,0,-1,-1,-1,-1,-1,-1,-1,3.6,3.4,3.5,3.6,3.5,hr
367,$43.38 /hr (est.),90230.4,Data Engineer,-1,-1,-1,"Infomatics Corp
4.7",Remote,4.7,1,18,51 to 200 Employees,2005,Company - Private,Business Consulting,Management & Consulting,$5 to $25 million (USD),4.7,4.5,4.6,4.6,4.6,hr
368,"$119,000 /yr (est.)",119000.0,Data Engineer,-1,-1,-1,"MCG Health
4.6", WA,4.6,0,35,201 to 500 Employees,1988,Subsidiary or Business Segment,Health Care Services & Hospitals,Healthcare,Unknown / Non-Applicable,4.3,4.4,4.6,4.5,4.5,yr
373,"$96,680 /yr (est.)",96680.0,-1,-1,-1,-1,-1, CA,3.7,0,23,1001 to 5000 Employees,2000,Company - Public,Software Development,Information Technology,$100 to $500 million (USD),3.7,3.6,3.8,3.4,3.9,yr
375,"$117,500 /yr (est.)",117500.0,Jr data engineer,-1,-1,-1,-1,Remote,5.0,1,-1,-1,-1,-1,-1,-1,-1,4.0,5.0,5.0,5.0,5.0,yr
376,$127.50 /hr (est.),265200.0,Software Engineer -Big Data,6,1,1,"CEDENT
5.0", TX,5.0,0,-1,-1,-1,-1,-1,-1,-1,-1.0,-1.0,-1.0,-1.0,-1.0,hr
406,"$110,441 /yr (est.)",110441.0,Senior AWS Data Engineer,-1,-1,-1,"JSR Tech Consulting
5.0", NJ,5.0,0,8,51 to 200 Employees,2015,Company - Private,Information Technology Support Services,Information Technology,$5 to $25 million (USD),5.0,4.0,5.0,5.0,5.0,yr
433,"$92,902 /yr (est.)",92902.0,Data Engineer,-1,-1,-1,"American Power & Gas
2.5", FL,2.5,0,13,201 to 500 Employees,2010,Company - Private,Energy & Utilities,"Energy, Mining & Utilities",$100 to $500 million (USD),2.6,2.8,2.4,2.7,2.7,yr
