Unnamed: 0,Job Title,Annual Salary,Experience,Education,Is Remote,Company Size Scale,Company Old,Revenue Scale,Rating,Career Opportunities,Comp & Benefits,Culture & Values,Senior Management,Work Life Balance
0,Frontend Engineer,125000.0,1,1,1,1,14,-1,4.3,3.8,3.5,4.4,4.0,4.0
2,Java Software Engineer,104000.0,5,1,1,-1,-1,-1,-1.0,-1.0,-1.0,-1.0,-1.0,-1.0
3,Frontend Engineer,154960.0,5,2,0,2,24,4,4.2,4.3,4.0,4.2,4.0,4.0
4,DevOps Engineer,142500.0,1,2,1,-1,-1,-1,-1.0,-1.0,-1.0,-1.0,-1.0,-1.0
10,Full Stack Software Engineer,125000.0,1,1,1,1,14,-1,4.3,3.8,3.5,4.4,4.0,4.0
12,Software Engineer,115000.0,2,1,1,2,-1,-1,4.8,4.4,4.4,4.7,4.7,5.0
13,Software Engineer,105000.0,5,1,1,5,-1,7,3.4,3.6,3.6,3.1,3.2,3.2
14,DevOps/Release Engineer,120099.2,5,1,0,1,-1,2,3.7,2.5,2.0,2.5,1.5,2.5
15,Junior Level Cloud Engineer,88400.0,1,2,1,2,23,-1,3.9,3.5,3.4,3.6,3.7,3.5
16,Kubernetes Engineer,114400.0,1,3,0,1,-1,-1,4.2,3.9,3.7,4.0,4.0,4.2
17,Frontend engineer,50000.0,1,2,1,-1,-1,-1,-1.0,-1.0,-1.0,-1.0,-1.0,-1.0
18,Cloud Engineer,122650.0,10,1,1,2,-1,-1,3.6,3.6,3.2,3.6,3.4,3.6
20,Software Engineer - GIS,88847.0,2,1,0,5,26,6,4.1,4.2,4.1,4.3,4.2,3.9
21,Full Stack Java,119600.0,1,3,1,1,-1,-1,4.7,4.7,4.5,4.7,4.3,4.5
22,Associate Software Engineer - Entry Level,90000.0,3,1,0,1,-1,3,3.4,2.6,2.7,3.3,2.8,3.0
23,DevOps Engineer,107500.0,2,2,1,4,15,-1,4.0,4.0,3.6,4.2,3.8,3.6
25,Software Engineer,140400.0,7,1,0,3,-1,3,4.5,4.4,4.2,4.4,3.8,4.4
26,Innovation Software Test Engineer,114400.0,5,1,1,-1,-1,-1,-1.0,-1.0,-1.0,-1.0,-1.0,-1.0
28,Software Development Engineer,145600.0,7,2,1,-1,8,-1,4.5,4.1,4.8,4.4,4.3,4.4
29,Junior Software Engineer,85000.0,1,1,0,-1,-1,-1,-1.0,-1.0,-1.0,-1.0,-1.0,-1.0
32,Kubernetes Engineer,114400.0,1,3,0,1,-1,-1,4.2,3.9,3.7,4.0,4.0,4.2
33,Frontend engineer,50000.0,1,2,1,-1,-1,-1,-1.0,-1.0,-1.0,-1.0,-1.0,-1.0
34,DevOps Engineer,142500.0,1,2,1,-1,-1,-1,-1.0,-1.0,-1.0,-1.0,-1.0,-1.0
38,Software Engineer,100000.0,2,1,1,-1,-1,-1,-1.0,-1.0,-1.0,-1.0,-1.0,-1.0
39,Full Stack Java,119600.0,1,3,1,1,-1,-1,4.7,4.7,4.5,4.7,4.3,4.5
41,Cloud Engineer,122650.0,10,1,1,2,-1,-1,3.6,3.6,3.2,3.6,3.4,3.6
42,Software Development Engineer,145600.0,7,2,1,-1,8,-1,4.5,4.1,4.8,4.4,4.3,4.4
43,Software Engineer,140400.0,7,1,0,3,-1,3,4.5,4.4,4.2,4.4,3.8,4.4
44,Junior Level Cloud Engineer,88400.0,1,2,1,2,23,-1,3.9,3.5,3.4,3.6,3.7,3.5
45,Frontend Engineer,130000.0,5,2,0,-1,-1,-1,2.4,3.3,3.7,2.3,2.7,3.3
51,Junior Software Developer,64480.0,2,1,1,-1,-1,-1,-1.0,-1.0,-1.0,-1.0,-1.0,-1.0
53,Jr Frontend Developer,70000.0,20,1,0,4,24,7,4.1,4.0,3.8,4.0,3.7,4.1
55,Sr. Software Engineer (Mobile / Web),125000.0,4,1,1,-1,-1,-1,-1.0,-1.0,-1.0,-1.0,-1.0,-1.0
57,"QC "" Software"" Engineer",97500.0,5,1,1,-1,-1,-1,-1.0,-1.0,-1.0,-1.0,-1.0,-1.0
66,Associate Software Engineer,83681.0,2,1,0,7,174,9,4.1,3.8,4.0,4.0,3.6,3.9
67,Associate Software Engineer - Entry Level,220480.0,3,1,0,2,5,3,3.4,-1.0,-1.0,-1.0,-1.0,-1.0
70,Software Engineer - Angular,160160.0,3,1,0,3,9,6,4.4,4.2,4.1,4.3,4.1,4.3
71,Sr. Software Engineer (Mobile / Web),125000.0,4,1,1,-1,-1,-1,-1.0,-1.0,-1.0,-1.0,-1.0,-1.0
73,Python Software Engineer,157310.4,1,1,0,-1,-1,-1,-1.0,-1.0,-1.0,-1.0,-1.0,-1.0
75,C# Software Engineer,145600.0,5,2,1,-1,8,-1,4.5,4.1,4.8,4.4,4.3,4.4
77,Frontend Engineer,130000.0,5,2,0,-1,-1,-1,2.4,3.3,3.7,2.3,2.7,3.3
82,Software Engineer - New Graduate,110500.0,4,1,0,5,23,7,3.7,3.5,3.9,3.6,3.2,3.7
83,Software Engineer (JavaScript),100000.0,3,2,0,2,11,-1,3.9,4.1,4.1,4.3,4.1,4.1
84,Software Engineer,135000.0,6,2,0,2,7,-1,5.0,4.9,4.4,5.0,5.0,4.9
91,Associate Software Engineer,83681.0,2,1,0,7,174,9,4.1,3.8,4.0,4.0,3.6,3.9
93,Associate Software Engineer,88500.0,2,1,1,5,40,7,3.7,3.2,3.5,3.8,3.2,4.1
95,Software Engineer - Remote,79074.0,1,2,0,2,-1,-1,2.9,2.9,3.1,2.9,2.9,3.2
96,Frontend Engineer (Remote),80000.0,2,1,1,1,6,-1,4.0,3.9,4.2,3.9,3.8,4.5
99,Software Engineer I,85000.0,2,1,1,1,-1,1,3.9,3.5,2.9,3.9,2.9,3.5
100,Software Engineer,105000.0,3,1,1,-1,-1,-1,-1.0,-1.0,-1.0,-1.0,-1.0,-1.0
106,Frontend Engineer,150000.0,1,1,0,7,-1,-1,3.8,3.3,3.6,3.7,3.0,4.1
109,Software Engineer (JavaScript),100000.0,3,2,0,2,11,-1,3.9,4.1,4.1,4.3,4.1,4.1
110,Software Engineer II- Remote,120000.0,3,1,0,7,45,9,3.8,3.7,3.6,3.8,3.4,3.6
112,Frontend Engineer,135000.0,6,1,1,1,-1,-1,3.7,3.8,3.8,3.8,3.6,4.1
113,Software Engineer,135000.0,6,2,0,2,7,-1,5.0,4.9,4.4,5.0,5.0,4.9
121,Associate Software Engineer,88500.0,2,1,1,5,40,7,3.7,3.2,3.5,3.8,3.2,4.1
122,Associate Software Engineer,83681.0,2,1,0,7,174,9,4.1,3.8,4.0,4.0,3.6,3.9
123,Frontend Engineer (Remote),80000.0,2,1,1,1,6,-1,4.0,3.9,4.2,3.9,3.8,4.5
126,Software Engineer I,85000.0,2,1,1,1,-1,1,3.9,3.5,2.9,3.9,2.9,3.5
127,Software Engineer - Remote,79074.0,1,2,0,2,-1,-1,2.9,2.9,3.1,2.9,2.9,3.2
130,Software Engineer,105000.0,3,1,1,-1,-1,-1,-1.0,-1.0,-1.0,-1.0,-1.0,-1.0
142,Software Engineer (Python),90000.0,2,2,1,2,-1,-1,3.5,3.1,4.1,3.3,3.1,4.3
149,Software Engineer,96347.0,2,1,0,7,95,8,4.0,3.8,3.6,4.0,3.6,4.0
154,Frontend Engineer (Remote),80000.0,2,1,1,1,6,-1,4.0,3.9,4.2,3.9,3.8,4.5
155,Associate Software Engineer,83681.0,2,1,0,7,174,9,4.1,3.8,4.0,4.0,3.6,3.9
156,Associate Software Engineer,88500.0,2,1,1,5,40,7,3.7,3.2,3.5,3.8,3.2,4.1
157,Software Engineer (Python),90000.0,2,2,1,2,-1,-1,3.5,3.1,4.1,3.3,3.1,4.3
158,Software Engineer I,85000.0,2,1,1,1,-1,1,3.9,3.5,2.9,3.9,2.9,3.5
165,Software Developer,81000.0,2,1,0,1,-1,-1,2.5,3.1,2.2,3.4,3.4,2.5
167,Software Engineer,105000.0,3,1,1,-1,-1,-1,-1.0,-1.0,-1.0,-1.0,-1.0,-1.0
169,DevOps Engineer (Entry Level) (Remote),72325.0,4,1,0,5,29,6,4.0,3.8,3.6,4.0,3.6,3.9
170,Jr Frontend Developer,70000.0,10,1,0,2,18,-1,4.1,4.1,4.0,4.3,4.1,4.2
171,Software Engineer - Remote,79074.0,1,2,0,2,-1,-1,2.9,2.9,3.1,2.9,2.9,3.2
174,Associate Software Engineer I,71934.0,1,1,0,6,78,8,3.8,3.5,3.8,3.9,3.4,3.6
175,Junior Application Developer - Remote,78382.0,1,1,0,6,91,-1,3.8,3.7,3.7,3.8,3.7,3.5
177,Software Development Engineer,137847.0,3,2,0,7,18,7,4.2,3.9,4.2,4.3,3.8,4.3
182,Frontend engineer,50000.0,1,2,1,-1,-1,-1,-1.0,-1.0,-1.0,-1.0,-1.0,-1.0
183,Software Engineer,105000.0,5,1,1,5,-1,7,3.4,3.6,3.6,3.1,3.2,3.2
184,Software Engineer,115000.0,2,1,1,2,-1,-1,4.8,4.4,4.4,4.7,4.7,5.0
185,Junior Software Developer,64480.0,2,1,1,-1,-1,-1,-1.0,-1.0,-1.0,-1.0,-1.0,-1.0
186,Frontend Engineer,125000.0,1,1,1,1,14,-1,4.3,3.8,3.5,4.4,4.0,4.0
187,Jr Frontend Developer,70000.0,20,1,0,4,24,7,4.1,4.0,3.8,4.0,3.7,4.1
188,Associate Software Engineer,83681.0,2,1,0,7,174,9,4.1,3.8,4.0,4.0,3.6,3.9
191,Java Software Engineer,104000.0,5,1,1,-1,-1,-1,-1.0,-1.0,-1.0,-1.0,-1.0,-1.0
193,Frontend Engineer (Remote),80000.0,2,1,1,1,6,-1,4.0,3.9,4.2,3.9,3.8,4.5
194,Software Engineer,100000.0,2,1,1,-1,-1,-1,-1.0,-1.0,-1.0,-1.0,-1.0,-1.0
196,Associate Software Engineer - Entry Level,90000.0,3,1,0,1,-1,3,3.4,2.6,2.7,3.3,2.8,3.0
0,Frontend Engineer,125000.0,1,1,1,1,14,-1,4.3,3.8,3.5,4.4,4.0,4.0
1,Junior Level Cloud Engineer,88400.0,1,2,1,2,23,-1,3.9,3.5,3.4,3.6,3.7,3.5
3,Full Stack Software Engineer,125000.0,1,1,1,1,14,-1,4.3,3.8,3.5,4.4,4.0,4.0
5,Associate Software Engineer - Entry Level,90000.0,3,1,0,1,-1,3,3.4,2.6,2.7,3.3,2.8,3.0
6,Software Engineer,115000.0,2,1,1,2,-1,-1,4.8,4.4,4.4,4.7,4.7,5.0
8,Frontend Engineer,154960.0,5,2,0,2,24,4,4.2,4.3,4.0,4.2,4.0,4.0
9,Software Engineer,105000.0,5,1,1,5,-1,7,3.4,3.6,3.6,3.1,3.2,3.2
10,Azure Cloud Engineer Contractor,72800.0,3,2,1,-1,-1,-1,-1.0,-1.0,-1.0,-1.0,-1.0,-1.0
11,Java Software Engineer,104000.0,5,1,1,-1,-1,-1,-1.0,-1.0,-1.0,-1.0,-1.0,-1.0
12,Software Engineer - GIS,88847.0,2,1,0,5,26,6,4.1,4.2,4.1,4.3,4.2,3.9
13,Software Engineer - CommerceTools,94099.2,1,2,1,7,43,7,3.6,3.4,3.0,3.5,3.1,3.5
14,Junior Software Developer (Remote),68078.0,1,1,1,-1,-1,-1,-1.0,-1.0,-1.0,-1.0,-1.0,-1.0
17,Software Engineer,100000.0,2,1,1,1,13,2,4.3,4.3,4.4,4.3,4.3,4.4
20,Junior Software Engineer,85000.0,1,1,0,-1,-1,-1,-1.0,-1.0,-1.0,-1.0,-1.0,-1.0
21,Junior Software Developer,64480.0,2,1,1,-1,-1,-1,-1.0,-1.0,-1.0,-1.0,-1.0,-1.0
22,Software Engineer - AWS (Remote),184433.6,4,2,0,2,22,3,4.6,4.5,4.1,4.5,4.5,4.5
23,Junior Cloud Engineer,55000.0,2,2,0,7,43,7,3.6,3.4,3.0,3.5,3.1,3.5
24,Associate Software Engineer,83681.0,2,1,0,7,174,9,4.1,3.8,4.0,4.0,3.6,3.9
25,Software Development Engineer,145600.0,7,2,1,-1,8,-1,4.5,4.1,4.8,4.4,4.3,4.4
26,DevOps Engineer,107500.0,2,2,1,4,15,-1,4.0,4.0,3.6,4.2,3.8,3.6
29,DevOps Engineer,124800.0,8,2,0,-1,-1,-1,-1.0,-1.0,-1.0,-1.0,-1.0,-1.0
31,Software Development Engineer,145600.0,7,2,1,-1,8,-1,4.5,4.1,4.8,4.4,4.3,4.4
32,Full Stack Java,119600.0,1,3,1,1,-1,-1,4.7,4.7,4.5,4.7,4.3,4.5
34,Software Engineer,100000.0,2,1,1,-1,-1,-1,-1.0,-1.0,-1.0,-1.0,-1.0,-1.0
36,Associate Software Engineer - Entry Level,90000.0,3,1,0,1,-1,3,3.4,2.6,2.7,3.3,2.8,3.0
39,Software Engineer,140400.0,7,1,0,3,-1,3,4.5,4.4,4.2,4.4,3.8,4.4
42,Frontend Engineer,130000.0,5,2,0,-1,-1,-1,2.4,3.3,3.7,2.3,2.7,3.3
44,Software Engineer - AWS (Remote),184433.6,4,2,0,2,22,3,4.6,4.5,4.1,4.5,4.5,4.5
45,Engineer Software,110595.0,3,1,1,5,26,6,4.0,4.0,3.9,4.2,3.8,4.0
47,Full Stack Software Developer,27040.0,5,2,1,-1,-1,-1,-1.0,-1.0,-1.0,-1.0,-1.0,-1.0
48,DevOps Engineer,107500.0,2,2,1,4,15,-1,4.0,4.0,3.6,4.2,3.8,3.6
49,Software Engineer - Full Stack,124350.0,20,2,0,7,25,9,3.9,3.5,3.9,4.0,3.4,4.0
50,DevOps Engineer,124800.0,8,2,0,-1,-1,-1,-1.0,-1.0,-1.0,-1.0,-1.0,-1.0
51,Junior Software Developer,64480.0,2,1,1,-1,-1,-1,-1.0,-1.0,-1.0,-1.0,-1.0,-1.0
52,Full Stack Engineer,156000.0,2,1,1,-1,-1,-1,-1.0,-1.0,-1.0,-1.0,-1.0,-1.0
53,Software Engineer,105000.0,3,1,1,-1,-1,-1,-1.0,-1.0,-1.0,-1.0,-1.0,-1.0
55,Backend Software Engineer (All Skill Levels),80000.0,1,2,1,-1,-1,-1,-1.0,-1.0,-1.0,-1.0,-1.0,-1.0
58,Python Software Engineer,157310.4,1,1,0,-1,-1,-1,-1.0,-1.0,-1.0,-1.0,-1.0,-1.0
59,Software Engineer,135000.0,6,2,0,2,7,-1,5.0,4.9,4.4,5.0,5.0,4.9
62,Software Engineer,100000.0,2,1,1,-1,-1,-1,-1.0,-1.0,-1.0,-1.0,-1.0,-1.0
63,Software Engineer (JavaScript),100000.0,3,2,0,2,11,-1,3.9,4.1,4.1,4.3,4.1,4.1
65,Software Engineer,105000.0,3,1,1,-1,-1,-1,-1.0,-1.0,-1.0,-1.0,-1.0,-1.0
66,Kubernetes Engineer,114400.0,1,3,0,1,-1,-1,4.2,3.9,3.7,4.0,4.0,4.2
69,DevOps Engineer,107500.0,2,2,1,4,15,-1,4.0,4.0,3.6,4.2,3.8,3.6
74,Software Engineer,135000.0,6,2,0,2,7,-1,5.0,4.9,4.4,5.0,5.0,4.9
77,Full Stack Software Developer,27040.0,5,2,1,-1,-1,-1,-1.0,-1.0,-1.0,-1.0,-1.0,-1.0
80,Software Engineer - Full Stack,124350.0,20,2,0,7,25,9,3.9,3.5,3.9,4.0,3.4,4.0
82,Software Engineer,112950.0,18,1,0,7,56,9,4.1,4.1,4.2,4.0,3.5,3.6
87,Frontend Engineer,135000.0,6,1,1,1,-1,-1,3.7,3.8,3.8,3.8,3.6,4.1
88,Software Engineer (Full Stack),97800.0,3,1,0,7,135,9,3.8,3.5,3.8,3.6,3.2,3.4
94,Software Engineer I,85000.0,2,1,1,1,-1,1,3.9,3.5,2.9,3.9,2.9,3.5
99,Software Engineer - Full Stack,124350.0,20,2,0,7,25,9,3.9,3.5,3.9,4.0,3.4,4.0
103,DevOps Engineer,107500.0,2,2,1,4,15,-1,4.0,4.0,3.6,4.2,3.8,3.6
105,Software Engineer,105000.0,3,1,1,-1,-1,-1,-1.0,-1.0,-1.0,-1.0,-1.0,-1.0
108,Software Engineer (Full Stack) - Remote,125000.0,5,2,0,4,20,4,4.0,3.3,3.7,3.1,3.5,3.5
110,Software Engineer,112950.0,18,1,0,7,56,9,4.1,4.1,4.2,4.0,3.5,3.6
114,Software Engineer,135000.0,6,2,0,2,7,-1,5.0,4.9,4.4,5.0,5.0,4.9
115,Frontend Engineer (Remote),80000.0,2,1,1,1,6,-1,4.0,3.9,4.2,3.9,3.8,4.5
118,Software Engineer,109000.0,4,1,1,5,51,7,3.9,3.8,4.2,4.2,3.7,4.2
119,Software Engineer I,74700.0,140,1,0,7,144,9,4.1,3.9,3.9,4.2,3.8,4.1
126,Kubernetes Engineer,114400.0,1,3,0,1,-1,-1,4.2,3.9,3.7,4.0,4.0,4.2
127,Software Engineer I,85000.0,2,1,1,1,-1,1,3.9,3.5,2.9,3.9,2.9,3.5
128,Software Engineer (Frontend),155000.0,2,2,0,4,17,6,4.3,4.2,4.3,4.4,4.2,4.2
132,Software Engineer - Full Stack,124350.0,20,2,0,7,25,9,3.9,3.5,3.9,4.0,3.4,4.0
133,Frontend Engineer,140000.0,1,1,0,7,-1,-1,3.8,3.3,3.6,3.7,3.0,4.1
137,Software Engineer - Remote,79074.0,1,2,0,2,-1,-1,2.9,2.9,3.1,2.9,2.9,3.2
142,Software Engineer | Frontend,120868.0,2,2,0,3,4,-1,4.5,4.7,4.6,4.6,4.5,4.1
145,"Software Engineer, Web - Remote",121900.0,2,1,0,5,50,-1,4.3,4.1,4.3,4.4,4.2,4.5
146,Software Engineer - Frontend,95544.0,3,1,0,4,5,-1,2.7,3.1,2.2,3.1,2.7,2.6
153,Frontend Engineer (Remote),80000.0,2,1,1,1,6,-1,4.0,3.9,4.2,3.9,3.8,4.5
154,Software Engineer I,85000.0,2,1,1,1,-1,1,3.9,3.5,2.9,3.9,2.9,3.5
156,Full Stack Software Developer,27040.0,5,2,1,-1,-1,-1,-1.0,-1.0,-1.0,-1.0,-1.0,-1.0
162,AWS DevOps Engineer,135200.0,8,2,1,2,24,4,4.0,3.7,3.6,3.8,3.8,4.0
163,Frontend Engineer,140000.0,1,1,0,7,-1,-1,3.8,3.3,3.6,3.7,3.0,4.1
164,Full Stack Developer,124800.0,1,2,1,-1,-1,-1,-1.0,-1.0,-1.0,-1.0,-1.0,-1.0
165,Software Engineer,109000.0,4,1,1,5,51,7,3.9,3.8,4.2,4.2,3.7,4.2
168,Software Engineer (Frontend),155000.0,2,2,0,4,17,6,4.3,4.2,4.3,4.4,4.2,4.2
173,AWS Devops Engineer,145600.0,3,1,0,2,13,4,4.0,3.7,3.8,3.7,3.5,3.9
174,Software Engineer,119600.0,2,2,1,-1,-1,-1,-1.0,-1.0,-1.0,-1.0,-1.0,-1.0
177,Frontend Software Engineer,100000.0,3,1,1,1,10,-1,4.4,4.4,4.4,5.0,5.0,5.0
178,Software Engineer II (Remote Option*),109500.0,5,1,0,7,51,9,4.1,3.7,3.9,4.1,3.6,3.7
180,Frontend Engineer,125000.0,1,1,1,1,14,-1,4.3,3.8,3.5,4.4,4.0,4.0
181,Software Engineer,105000.0,5,1,1,5,-1,7,3.4,3.6,3.6,3.1,3.2,3.2
182,Software Engineer,115000.0,2,1,1,2,-1,-1,4.8,4.4,4.4,4.7,4.7,5.0
183,Junior Software Developer (Remote),68078.0,1,1,1,-1,-1,-1,-1.0,-1.0,-1.0,-1.0,-1.0,-1.0
185,Junior Level Cloud Engineer,88400.0,1,2,1,2,23,-1,3.9,3.5,3.4,3.6,3.7,3.5
187,Kubernetes Engineer,114400.0,1,3,0,1,-1,-1,4.2,3.9,3.7,4.0,4.0,4.2
188,Software Engineer - CommerceTools,94099.2,1,2,1,7,43,7,3.6,3.4,3.0,3.5,3.1,3.5
190,Junior Software Developer,64480.0,2,1,1,-1,-1,-1,-1.0,-1.0,-1.0,-1.0,-1.0,-1.0
192,Software Engineer,104150.0,2,1,0,7,25,9,3.9,3.5,3.9,4.0,3.4,4.0
194,Full Stack Software Engineer,125000.0,1,1,1,1,14,-1,4.3,3.8,3.5,4.4,4.0,4.0
197,Jr Frontend Developer,70000.0,20,1,0,4,24,7,4.1,4.0,3.8,4.0,3.7,4.1
198,Full Stack Java,119600.0,1,3,1,1,-1,-1,4.7,4.7,4.5,4.7,4.3,4.5
200,Software Engineer (Neo4J/Binqa),145600.0,5,2,1,4,-1,6,4.2,3.9,3.9,4.1,3.9,4.3
201,DevOps/Release Engineer,120099.2,5,1,0,1,-1,2,3.7,2.5,2.0,2.5,1.5,2.5
203,Software Engineer - GIS,88847.0,2,1,0,5,26,6,4.1,4.2,4.1,4.3,4.2,3.9
205,Software Engineer,135000.0,6,2,0,2,7,-1,5.0,4.9,4.4,5.0,5.0,4.9
206,Frontend Engineer,154960.0,5,2,0,2,24,4,4.2,4.3,4.0,4.2,4.0,4.0
207,Software Engineer,112950.0,18,1,0,7,56,9,4.1,4.1,4.2,4.0,3.5,3.6
211,Frontend Engineer,125000.0,1,1,1,1,14,-1,4.3,3.8,3.5,4.4,4.0,4.0
212,Junior Level Cloud Engineer,88400.0,1,2,1,2,23,-1,3.9,3.5,3.4,3.6,3.7,3.5
215,Junior Software Developer,64480.0,2,1,1,-1,-1,-1,-1.0,-1.0,-1.0,-1.0,-1.0,-1.0
216,Junior Software Developer (Remote),68078.0,1,1,1,-1,-1,-1,-1.0,-1.0,-1.0,-1.0,-1.0,-1.0
219,Software Engineer - CommerceTools,94099.2,1,2,1,7,43,7,3.6,3.4,3.0,3.5,3.1,3.5
220,Full Stack Software Engineer,125000.0,1,1,1,1,14,-1,4.3,3.8,3.5,4.4,4.0,4.0
223,Kubernetes Engineer,114400.0,1,3,0,1,-1,-1,4.2,3.9,3.7,4.0,4.0,4.2
224,Software Engineer (Neo4J/Binqa),145600.0,5,2,1,4,-1,6,4.2,3.9,3.9,4.1,3.9,4.3
226,Software Engineer,100000.0,2,1,1,-1,-1,-1,-1.0,-1.0,-1.0,-1.0,-1.0,-1.0
227,Software Engineer (Full Stack) - Remote,125000.0,5,2,0,4,20,4,4.0,3.3,3.7,3.1,3.5,3.5
229,Software Engineer,100000.0,2,1,1,1,13,2,4.3,4.3,4.4,4.3,4.3,4.4
230,Software Engineer,112950.0,18,1,0,7,56,9,4.1,4.1,4.2,4.0,3.5,3.6
231,Java Software Engineer,104000.0,5,1,1,-1,-1,-1,-1.0,-1.0,-1.0,-1.0,-1.0,-1.0
232,Software Engineer I,85000.0,2,1,1,4,29,7,4.6,4.5,4.3,4.4,4.6,4.4
234,Frontend Engineer (Remote),80000.0,2,1,1,1,6,-1,4.0,3.9,4.2,3.9,3.8,4.5
238,Software Engineer 1,80000.0,1,1,0,-1,-1,-1,-1.0,-1.0,-1.0,-1.0,-1.0,-1.0
239,Software Engineer,105000.0,3,1,1,-1,-1,-1,-1.0,-1.0,-1.0,-1.0,-1.0,-1.0
240,Software Engineer,105000.0,5,1,1,5,-1,7,3.4,3.6,3.6,3.1,3.2,3.2
241,Frontend Engineer,125000.0,1,1,1,1,14,-1,4.3,3.8,3.5,4.4,4.0,4.0
242,Kubernetes Engineer,114400.0,1,3,0,1,-1,-1,4.2,3.9,3.7,4.0,4.0,4.2
244,Junior Cloud Engineer,55000.0,2,2,0,7,43,7,3.6,3.4,3.0,3.5,3.1,3.5
245,Junior Level Cloud Engineer,88400.0,1,2,1,2,23,-1,3.9,3.5,3.4,3.6,3.7,3.5
246,Software Engineer,115000.0,2,1,1,2,-1,-1,4.8,4.4,4.4,4.7,4.7,5.0
248,DevOps/Release Engineer,120099.2,5,1,0,1,-1,2,3.7,2.5,2.0,2.5,1.5,2.5
249,Full Stack Software Engineer,125000.0,1,1,1,1,14,-1,4.3,3.8,3.5,4.4,4.0,4.0
250,Junior Software Developer,64480.0,2,1,1,-1,-1,-1,-1.0,-1.0,-1.0,-1.0,-1.0,-1.0
251,Java Software Engineer,104000.0,5,1,1,-1,-1,-1,-1.0,-1.0,-1.0,-1.0,-1.0,-1.0
252,Software Engineer,100000.0,2,1,1,-1,-1,-1,-1.0,-1.0,-1.0,-1.0,-1.0,-1.0
253,Software Engineer - CommerceTools,94099.2,1,2,1,7,43,7,3.6,3.4,3.0,3.5,3.1,3.5
255,Full Stack Java,119600.0,1,3,1,1,-1,-1,4.7,4.7,4.5,4.7,4.3,4.5
256,Software Engineer,100000.0,2,1,1,1,13,2,4.3,4.3,4.4,4.3,4.3,4.4
257,Cloud Engineer,164008.0,7,2,0,2,18,-1,3.7,3.6,3.9,3.5,3.5,3.6
259,Frontend Engineer,154960.0,5,2,0,2,24,4,4.2,4.3,4.0,4.2,4.0,4.0
260,Junior Software Developer (Remote),68078.0,1,1,1,-1,-1,-1,-1.0,-1.0,-1.0,-1.0,-1.0,-1.0
264,Azure Cloud Engineer Contractor,72800.0,3,2,1,-1,-1,-1,-1.0,-1.0,-1.0,-1.0,-1.0,-1.0
270,Frontend Engineer,125000.0,1,1,1,1,14,-1,4.3,3.8,3.5,4.4,4.0,4.0
272,Software Engineer,105000.0,5,1,1,5,-1,7,3.4,3.6,3.6,3.1,3.2,3.2
273,Kubernetes Engineer,114400.0,1,3,0,1,-1,-1,4.2,3.9,3.7,4.0,4.0,4.2
274,Junior Level Cloud Engineer,88400.0,1,2,1,2,23,-1,3.9,3.5,3.4,3.6,3.7,3.5
276,Junior Software Developer,64480.0,2,1,1,-1,-1,-1,-1.0,-1.0,-1.0,-1.0,-1.0,-1.0
278,Junior Software Developer (Remote),68078.0,1,1,1,-1,-1,-1,-1.0,-1.0,-1.0,-1.0,-1.0,-1.0
279,Software Engineer,115000.0,2,1,1,2,-1,-1,4.8,4.4,4.4,4.7,4.7,5.0
280,Full Stack Software Engineer,125000.0,1,1,1,1,14,-1,4.3,3.8,3.5,4.4,4.0,4.0
282,Software Engineer - CommerceTools,94099.2,1,2,1,7,43,7,3.6,3.4,3.0,3.5,3.1,3.5
283,Software Engineer,100000.0,2,1,1,-1,-1,-1,-1.0,-1.0,-1.0,-1.0,-1.0,-1.0
284,Junior Cloud Engineer,55000.0,2,2,0,7,43,7,3.6,3.4,3.0,3.5,3.1,3.5
288,Software Engineer,100000.0,2,1,1,1,13,2,4.3,4.3,4.4,4.3,4.3,4.4
291,Software Engineer I,85000.0,2,1,1,4,29,7,4.6,4.5,4.3,4.4,4.6,4.4
293,Remote Software Engineer - All Levels,128743.0,4,1,0,1,4,-1,4.3,4.2,4.6,4.2,4.1,4.2
294,Software Engineer,105000.0,3,1,1,-1,-1,-1,-1.0,-1.0,-1.0,-1.0,-1.0,-1.0
295,AWS Cloud Engineer,166774.4,7,2,1,-1,-1,-1,-1.0,-1.0,-1.0,-1.0,-1.0,-1.0
297,Azure Cloud Engineer Contractor,72800.0,3,2,1,-1,-1,-1,-1.0,-1.0,-1.0,-1.0,-1.0,-1.0
298,Jr Frontend Developer,70000.0,20,1,0,4,24,7,4.1,4.0,3.8,4.0,3.7,4.1
299,Software Engineer (Neo4J/Binqa),145600.0,5,2,1,4,-1,6,4.2,3.9,3.9,4.1,3.9,4.3
300,Frontend Engineer,125000.0,1,1,1,1,14,-1,4.3,3.8,3.5,4.4,4.0,4.0
301,Software Engineer,105000.0,5,1,1,5,-1,7,3.4,3.6,3.6,3.1,3.2,3.2
302,Software Engineer,115000.0,2,1,1,2,-1,-1,4.8,4.4,4.4,4.7,4.7,5.0
303,Kubernetes Engineer,114400.0,1,3,0,1,-1,-1,4.2,3.9,3.7,4.0,4.0,4.2
304,Junior Level Cloud Engineer,88400.0,1,2,1,2,23,-1,3.9,3.5,3.4,3.6,3.7,3.5
306,Software Engineer,100000.0,2,1,1,-1,-1,-1,-1.0,-1.0,-1.0,-1.0,-1.0,-1.0
307,Full Stack Software Engineer,125000.0,1,1,1,1,14,-1,4.3,3.8,3.5,4.4,4.0,4.0
311,Junior Cloud Engineer,55000.0,2,2,0,7,43,7,3.6,3.4,3.0,3.5,3.1,3.5
315,Software Engineer,105000.0,3,1,1,-1,-1,-1,-1.0,-1.0,-1.0,-1.0,-1.0,-1.0
316,Junior Software Developer,64480.0,2,1,1,-1,-1,-1,-1.0,-1.0,-1.0,-1.0,-1.0,-1.0
317,Junior Software Developer (Remote),68078.0,1,1,1,-1,-1,-1,-1.0,-1.0,-1.0,-1.0,-1.0,-1.0
318,Software Engineer - CommerceTools,94099.2,1,2,1,7,43,7,3.6,3.4,3.0,3.5,3.1,3.5
319,Software Engineer,100000.0,2,1,1,1,13,2,4.3,4.3,4.4,4.3,4.3,4.4
320,Java Software Engineer,104000.0,5,1,1,-1,-1,-1,-1.0,-1.0,-1.0,-1.0,-1.0,-1.0
324,Cloud Engineer,122650.0,10,1,1,2,-1,-1,3.6,3.6,3.2,3.6,3.4,3.6
325,Cloud Engineer,164008.0,7,2,0,2,18,-1,3.7,3.6,3.9,3.5,3.5,3.6
326,Software Engineer,135000.0,6,2,0,2,7,-1,5.0,4.9,4.4,5.0,5.0,4.9
327,Jr Frontend Developer,70000.0,20,1,0,4,24,7,4.1,4.0,3.8,4.0,3.7,4.1
328,Software Engineer I,85000.0,2,1,1,4,29,7,4.6,4.5,4.3,4.4,4.6,4.4
329,Software Engineer (Neo4J/Binqa),145600.0,5,2,1,4,-1,6,4.2,3.9,3.9,4.1,3.9,4.3
330,Software Engineer,105000.0,5,1,1,5,-1,7,3.4,3.6,3.6,3.1,3.2,3.2
331,Frontend Engineer,125000.0,1,1,1,1,14,-1,4.3,3.8,3.5,4.4,4.0,4.0
332,Software Engineer,115000.0,2,1,1,2,-1,-1,4.8,4.4,4.4,4.7,4.7,5.0
333,Kubernetes Engineer,114400.0,1,3,0,1,-1,-1,4.2,3.9,3.7,4.0,4.0,4.2
334,Junior Level Cloud Engineer,88400.0,1,2,1,2,23,-1,3.9,3.5,3.4,3.6,3.7,3.5
336,Software Engineer,100000.0,2,1,1,-1,-1,-1,-1.0,-1.0,-1.0,-1.0,-1.0,-1.0
337,Junior Cloud Engineer,55000.0,2,2,0,7,43,7,3.6,3.4,3.0,3.5,3.1,3.5
339,Junior Software Developer,64480.0,2,1,1,-1,-1,-1,-1.0,-1.0,-1.0,-1.0,-1.0,-1.0
340,Junior Software Developer (Remote),68078.0,1,1,1,-1,-1,-1,-1.0,-1.0,-1.0,-1.0,-1.0,-1.0
341,Jr Frontend Developer,70000.0,20,1,0,4,24,7,4.1,4.0,3.8,4.0,3.7,4.1
344,DevOps/Release Engineer,120099.2,5,1,0,1,-1,2,3.7,2.5,2.0,2.5,1.5,2.5
345,Software Engineer,105000.0,3,1,1,-1,-1,-1,-1.0,-1.0,-1.0,-1.0,-1.0,-1.0
346,Cloud Engineer,164008.0,7,2,0,2,18,-1,3.7,3.6,3.9,3.5,3.5,3.6
349,Software Engineer,112950.0,18,1,0,7,56,9,4.1,4.1,4.2,4.0,3.5,3.6
351,Full Stack Java,119600.0,1,3,1,1,-1,-1,4.7,4.7,4.5,4.7,4.3,4.5
352,Software Engineer,135000.0,6,2,0,2,7,-1,5.0,4.9,4.4,5.0,5.0,4.9
354,Java Software Engineer,104000.0,5,1,1,-1,-1,-1,-1.0,-1.0,-1.0,-1.0,-1.0,-1.0
358,Software Engineer (Neo4J/Binqa),145600.0,5,2,1,4,-1,6,4.2,3.9,3.9,4.1,3.9,4.3
360,Software Engineer,105000.0,5,1,1,5,-1,7,3.4,3.6,3.6,3.1,3.2,3.2
361,Kubernetes Engineer,114400.0,1,3,0,1,-1,-1,4.2,3.9,3.7,4.0,4.0,4.2
362,Software Engineer,115000.0,2,1,1,2,-1,-1,4.8,4.4,4.4,4.7,4.7,5.0
363,Frontend Engineer,125000.0,1,1,1,1,14,-1,4.3,3.8,3.5,4.4,4.0,4.0
364,Software Engineer,100000.0,2,1,1,-1,-1,-1,-1.0,-1.0,-1.0,-1.0,-1.0,-1.0
365,Junior Level Cloud Engineer,88400.0,1,2,1,2,23,-1,3.9,3.5,3.4,3.6,3.7,3.5
367,Software Engineer - CommerceTools,94099.2,1,2,1,7,43,7,3.6,3.4,3.0,3.5,3.1,3.5
369,Junior Cloud Engineer,55000.0,2,2,0,7,43,7,3.6,3.4,3.0,3.5,3.1,3.5
370,Jr Frontend Developer,70000.0,20,1,0,4,24,7,4.1,4.0,3.8,4.0,3.7,4.1
372,Software Engineer,105000.0,3,1,1,-1,-1,-1,-1.0,-1.0,-1.0,-1.0,-1.0,-1.0
373,Software Engineer,100000.0,2,1,1,1,13,2,4.3,4.3,4.4,4.3,4.3,4.4
378,Junior Software Developer (Remote),68078.0,1,1,1,-1,-1,-1,-1.0,-1.0,-1.0,-1.0,-1.0,-1.0
379,Java Software Engineer,104000.0,5,1,1,-1,-1,-1,-1.0,-1.0,-1.0,-1.0,-1.0,-1.0
380,Software Engineer,135000.0,6,2,0,2,7,-1,5.0,4.9,4.4,5.0,5.0,4.9
381,Software Engineer,112950.0,18,1,0,7,56,9,4.1,4.1,4.2,4.0,3.5,3.6
385,Software Engineer (Neo4J/Binqa),145600.0,5,2,1,4,-1,6,4.2,3.9,3.9,4.1,3.9,4.3
390,Software Engineer,105000.0,5,1,1,5,-1,7,3.4,3.6,3.6,3.1,3.2,3.2
391,Kubernetes Engineer,114400.0,1,3,0,1,-1,-1,4.2,3.9,3.7,4.0,4.0,4.2
392,Software Engineer - CommerceTools,94099.2,1,2,1,7,43,7,3.6,3.4,3.0,3.5,3.1,3.5
394,Frontend Engineer,125000.0,1,1,1,1,14,-1,4.3,3.8,3.5,4.4,4.0,4.0
395,Junior Software Developer,64480.0,2,1,1,-1,-1,-1,-1.0,-1.0,-1.0,-1.0,-1.0,-1.0
396,Software Engineer,115000.0,2,1,1,2,-1,-1,4.8,4.4,4.4,4.7,4.7,5.0
397,Junior Cloud Engineer,55000.0,2,2,0,7,43,7,3.6,3.4,3.0,3.5,3.1,3.5
398,Junior Level Cloud Engineer,88400.0,1,2,1,2,23,-1,3.9,3.5,3.4,3.6,3.7,3.5
400,Software Engineer,100000.0,2,1,1,-1,-1,-1,-1.0,-1.0,-1.0,-1.0,-1.0,-1.0
402,Software Engineer,100000.0,2,1,1,1,13,2,4.3,4.3,4.4,4.3,4.3,4.4
403,Software Engineer - GIS,88847.0,2,1,0,5,26,6,4.1,4.2,4.1,4.3,4.2,3.9
406,Java Software Engineer,104000.0,5,1,1,-1,-1,-1,-1.0,-1.0,-1.0,-1.0,-1.0,-1.0
411,Software Engineer (Neo4J/Binqa),145600.0,5,2,1,4,-1,6,4.2,3.9,3.9,4.1,3.9,4.3
412,Remote Software Engineer - All Levels,128743.0,4,1,0,1,4,-1,4.3,4.2,4.6,4.2,4.1,4.2
413,Frontend Engineer,154960.0,5,2,0,2,24,4,4.2,4.3,4.0,4.2,4.0,4.0
414,Full Stack Software Engineer,125000.0,1,1,1,1,14,-1,4.3,3.8,3.5,4.4,4.0,4.0
417,Software Engineer,105000.0,3,1,1,-1,-1,-1,-1.0,-1.0,-1.0,-1.0,-1.0,-1.0
419,Software Engineer,112950.0,18,1,0,7,56,9,4.1,4.1,4.2,4.0,3.5,3.6
420,Kubernetes Engineer,114400.0,1,3,0,1,-1,-1,4.2,3.9,3.7,4.0,4.0,4.2
421,Junior Cloud Engineer,55000.0,2,2,0,7,43,7,3.6,3.4,3.0,3.5,3.1,3.5
422,Software Engineer - CommerceTools,94099.2,1,2,1,7,43,7,3.6,3.4,3.0,3.5,3.1,3.5
424,Software Engineer,105000.0,5,1,1,5,-1,7,3.4,3.6,3.6,3.1,3.2,3.2
425,Software Engineer,100000.0,2,1,1,-1,-1,-1,-1.0,-1.0,-1.0,-1.0,-1.0,-1.0
426,Junior Software Developer,64480.0,2,1,1,-1,-1,-1,-1.0,-1.0,-1.0,-1.0,-1.0,-1.0
430,Software Engineer,115000.0,2,1,1,2,-1,-1,4.8,4.4,4.4,4.7,4.7,5.0
433,Frontend Engineer,125000.0,1,1,1,1,14,-1,4.3,3.8,3.5,4.4,4.0,4.0
434,Software Engineer,105000.0,3,1,1,-1,-1,-1,-1.0,-1.0,-1.0,-1.0,-1.0,-1.0
435,Software Engineer,100000.0,2,1,1,1,13,2,4.3,4.3,4.4,4.3,4.3,4.4
437,Java Software Engineer,104000.0,5,1,1,-1,-1,-1,-1.0,-1.0,-1.0,-1.0,-1.0,-1.0
438,Software Engineer - GIS,88847.0,2,1,0,5,26,6,4.1,4.2,4.1,4.3,4.2,3.9
439,Remote Software Engineer - All Levels,128743.0,4,1,0,1,4,-1,4.3,4.2,4.6,4.2,4.1,4.2
443,Junior Level Cloud Engineer,88400.0,1,2,1,2,23,-1,3.9,3.5,3.4,3.6,3.7,3.5
444,Frontend UI Developer,105000.0,7,2,0,2,13,4,4.0,3.7,3.8,3.7,3.5,3.9
446,Frontend Engineer,154960.0,5,2,0,2,24,4,4.2,4.3,4.0,4.2,4.0,4.0
448,Software Engineer - Backend,98830.0,5,1,0,1,4,-1,3.2,3.5,3.6,3.2,2.7,2.9
449,Software Development Engineer II - Creator Growth (Contract),176800.0,1,1,0,5,12,-1,4.0,3.7,3.8,3.9,3.3,3.9
450,Junior Cloud Engineer,55000.0,2,2,0,7,43,7,3.6,3.4,3.0,3.5,3.1,3.5
451,Software Engineer,105000.0,5,1,1,5,-1,7,3.4,3.6,3.6,3.1,3.2,3.2
452,Software Engineer - CommerceTools,94099.2,1,2,1,7,43,7,3.6,3.4,3.0,3.5,3.1,3.5
453,Kubernetes Engineer,114400.0,1,3,0,1,-1,-1,4.2,3.9,3.7,4.0,4.0,4.2
454,Software Engineer,115000.0,2,1,1,2,-1,-1,4.8,4.4,4.4,4.7,4.7,5.0
462,Frontend Engineer,125000.0,1,1,1,1,14,-1,4.3,3.8,3.5,4.4,4.0,4.0
463,Software Engineer,105000.0,3,1,1,-1,-1,-1,-1.0,-1.0,-1.0,-1.0,-1.0,-1.0
464,Software Engineer,100000.0,2,1,1,1,13,2,4.3,4.3,4.4,4.3,4.3,4.4
465,Junior Software Developer,64480.0,2,1,1,-1,-1,-1,-1.0,-1.0,-1.0,-1.0,-1.0,-1.0
469,Software Development Engineer II - Creator Growth (Contract),176800.0,1,1,0,5,12,-1,4.0,3.7,3.8,3.9,3.3,3.9
470,Junior Level Cloud Engineer,88400.0,1,2,1,2,23,-1,3.9,3.5,3.4,3.6,3.7,3.5
472,Software Engineer - GIS,88847.0,2,1,0,5,26,6,4.1,4.2,4.1,4.3,4.2,3.9
473,Full Stack Software Engineer,125000.0,1,1,1,1,14,-1,4.3,3.8,3.5,4.4,4.0,4.0
475,Remote Software Engineer - All Levels,128743.0,4,1,0,1,4,-1,4.3,4.2,4.6,4.2,4.1,4.2
476,Java Software Engineer,104000.0,5,1,1,-1,-1,-1,-1.0,-1.0,-1.0,-1.0,-1.0,-1.0
480,Junior Cloud Engineer,55000.0,2,2,0,7,43,7,3.6,3.4,3.0,3.5,3.1,3.5
481,Kubernetes Engineer,114400.0,1,3,0,1,-1,-1,4.2,3.9,3.7,4.0,4.0,4.2
482,Software Engineer,105000.0,5,1,1,5,-1,7,3.4,3.6,3.6,3.1,3.2,3.2
485,Software Engineer - CommerceTools,94099.2,1,2,1,7,43,7,3.6,3.4,3.0,3.5,3.1,3.5
486,Software Engineer,115000.0,2,1,1,2,-1,-1,4.8,4.4,4.4,4.7,4.7,5.0
489,Software Engineer,100000.0,2,1,1,-1,-1,-1,-1.0,-1.0,-1.0,-1.0,-1.0,-1.0
490,Software Development Engineer II - Creator Growth (Contract),176800.0,1,1,0,5,12,-1,4.0,3.7,3.8,3.9,3.3,3.9
491,Junior Software Developer,64480.0,2,1,1,-1,-1,-1,-1.0,-1.0,-1.0,-1.0,-1.0,-1.0
493,Software Engineer,105000.0,3,1,1,-1,-1,-1,-1.0,-1.0,-1.0,-1.0,-1.0,-1.0
495,Frontend Engineer,125000.0,1,1,1,1,14,-1,4.3,3.8,3.5,4.4,4.0,4.0
496,Software Engineer,135000.0,6,2,0,2,7,-1,5.0,4.9,4.4,5.0,5.0,4.9
499,Software Engineer,100000.0,2,1,1,1,13,2,4.3,4.3,4.4,4.3,4.3,4.4
506,Software Engineer - Angular,160160.0,3,1,0,3,9,6,4.4,4.2,4.1,4.3,4.1,4.3
509,Frontend UI Developer,105000.0,7,2,0,2,13,4,4.0,3.7,3.8,3.7,3.5,3.9
510,Junior Cloud Engineer,55000.0,2,2,0,7,43,7,3.6,3.4,3.0,3.5,3.1,3.5
511,Kubernetes Engineer,114400.0,1,3,0,1,-1,-1,4.2,3.9,3.7,4.0,4.0,4.2
512,Software Engineer,105000.0,5,1,1,5,-1,7,3.4,3.6,3.6,3.1,3.2,3.2
515,Software Engineer,100000.0,2,1,1,-1,-1,-1,-1.0,-1.0,-1.0,-1.0,-1.0,-1.0
516,Frontend Engineer,125000.0,1,1,1,1,14,-1,4.3,3.8,3.5,4.4,4.0,4.0
517,Software Engineer - CommerceTools,94099.2,1,2,1,7,43,7,3.6,3.4,3.0,3.5,3.1,3.5
518,Software Engineer,115000.0,2,1,1,2,-1,-1,4.8,4.4,4.4,4.7,4.7,5.0
520,Junior Software Developer,64480.0,2,1,1,-1,-1,-1,-1.0,-1.0,-1.0,-1.0,-1.0,-1.0
521,Software Engineer (Full Stack) - Remote,125000.0,5,2,0,4,20,4,4.0,3.3,3.7,3.1,3.5,3.5
522,Software Engineer,105000.0,3,1,1,-1,-1,-1,-1.0,-1.0,-1.0,-1.0,-1.0,-1.0
524,Full Stack Software Engineer,125000.0,1,1,1,1,14,-1,4.3,3.8,3.5,4.4,4.0,4.0
531,Software Engineer,100000.0,2,1,1,1,13,2,4.3,4.3,4.4,4.3,4.3,4.4
532,Software Development Engineer II - Creator Growth (Contract),176800.0,1,1,0,5,12,-1,4.0,3.7,3.8,3.9,3.3,3.9
533,Software Engineer - GIS,88847.0,2,1,0,5,26,6,4.1,4.2,4.1,4.3,4.2,3.9
534,Frontend UI Developer,105000.0,7,2,0,2,13,4,4.0,3.7,3.8,3.7,3.5,3.9
536,Software Engineer,135000.0,6,2,0,2,7,-1,5.0,4.9,4.4,5.0,5.0,4.9
538,Java Software Engineer,104000.0,5,1,1,-1,-1,-1,-1.0,-1.0,-1.0,-1.0,-1.0,-1.0
540,Software Engineer,105000.0,5,1,1,5,-1,7,3.4,3.6,3.6,3.1,3.2,3.2
541,Kubernetes Engineer,114400.0,1,3,0,1,-1,-1,4.2,3.9,3.7,4.0,4.0,4.2
542,Frontend Engineer,125000.0,1,1,1,1,14,-1,4.3,3.8,3.5,4.4,4.0,4.0
543,Full Stack Software Engineer,125000.0,1,1,1,1,14,-1,4.3,3.8,3.5,4.4,4.0,4.0
544,Junior Cloud Engineer,55000.0,2,2,0,7,43,7,3.6,3.4,3.0,3.5,3.1,3.5
546,Software Engineer,115000.0,2,1,1,2,-1,-1,4.8,4.4,4.4,4.7,4.7,5.0
548,Software Engineer,100000.0,2,1,1,-1,-1,-1,-1.0,-1.0,-1.0,-1.0,-1.0,-1.0
551,Software Engineer,105000.0,3,1,1,-1,-1,-1,-1.0,-1.0,-1.0,-1.0,-1.0,-1.0
555,Software Engineer (Full Stack) - Remote,125000.0,5,2,0,4,20,4,4.0,3.3,3.7,3.1,3.5,3.5
558,Software Engineer,100000.0,2,1,1,1,13,2,4.3,4.3,4.4,4.3,4.3,4.4
561,Software Engineer - CommerceTools,94099.2,1,2,1,7,43,7,3.6,3.4,3.0,3.5,3.1,3.5
564,Cloud Engineer,122650.0,10,1,1,2,-1,-1,3.6,3.6,3.2,3.6,3.4,3.6
565,Software Engineer - GIS,88847.0,2,1,0,5,26,6,4.1,4.2,4.1,4.3,4.2,3.9
569,Python Software Engineer,157310.4,1,1,0,-1,-1,-1,-1.0,-1.0,-1.0,-1.0,-1.0,-1.0
570,Kubernetes Engineer,114400.0,1,3,0,1,-1,-1,4.2,3.9,3.7,4.0,4.0,4.2
571,Software Engineer,105000.0,5,1,1,5,-1,7,3.4,3.6,3.6,3.1,3.2,3.2
572,Frontend Engineer,125000.0,1,1,1,1,14,-1,4.3,3.8,3.5,4.4,4.0,4.0
573,Junior Cloud Engineer,55000.0,2,2,0,7,43,7,3.6,3.4,3.0,3.5,3.1,3.5
575,Software Engineer,100000.0,2,1,1,-1,-1,-1,-1.0,-1.0,-1.0,-1.0,-1.0,-1.0
578,Software Engineer,105000.0,3,1,1,-1,-1,-1,-1.0,-1.0,-1.0,-1.0,-1.0,-1.0
579,Software Engineer,115000.0,2,1,1,2,-1,-1,4.8,4.4,4.4,4.7,4.7,5.0
583,Software Engineer (Full Stack) - Remote,125000.0,5,2,0,4,20,4,4.0,3.3,3.7,3.1,3.5,3.5
585,Junior Level Cloud Engineer,88400.0,1,2,1,2,23,-1,3.9,3.5,3.4,3.6,3.7,3.5
586,Software Development Engineer II - Creator Growth (Contract),176800.0,1,1,0,5,12,-1,4.0,3.7,3.8,3.9,3.3,3.9
587,Software Engineer,100000.0,2,1,1,1,13,2,4.3,4.3,4.4,4.3,4.3,4.4
590,Software Engineer - CommerceTools,94099.2,1,2,1,7,43,7,3.6,3.4,3.0,3.5,3.1,3.5
593,Cloud Engineer,122650.0,10,1,1,2,-1,-1,3.6,3.6,3.2,3.6,3.4,3.6
594,Frontend Engineer,154960.0,5,2,0,2,24,4,4.2,4.3,4.0,4.2,4.0,4.0
596,Software Engineer - GIS,88847.0,2,1,0,5,26,6,4.1,4.2,4.1,4.3,4.2,3.9
598,Full Stack Software Developer,107500.0,2,1,1,-1,-1,-1,-1.0,-1.0,-1.0,-1.0,-1.0,-1.0
600,Kubernetes Engineer,114400.0,1,3,0,1,-1,-1,4.2,3.9,3.7,4.0,4.0,4.2
601,Software Engineer,105000.0,5,1,1,5,-1,7,3.4,3.6,3.6,3.1,3.2,3.2
602,Frontend Engineer,125000.0,1,1,1,1,14,-1,4.3,3.8,3.5,4.4,4.0,4.0
603,Junior Cloud Engineer,55000.0,2,2,0,7,43,7,3.6,3.4,3.0,3.5,3.1,3.5
605,Software Engineer,100000.0,2,1,1,-1,-1,-1,-1.0,-1.0,-1.0,-1.0,-1.0,-1.0
608,Software Engineer,115000.0,2,1,1,2,-1,-1,4.8,4.4,4.4,4.7,4.7,5.0
612,Software Development Engineer II - Creator Growth (Contract),176800.0,1,1,0,5,12,-1,4.0,3.7,3.8,3.9,3.3,3.9
613,Junior Level Cloud Engineer,88400.0,1,2,1,2,23,-1,3.9,3.5,3.4,3.6,3.7,3.5
614,Full Stack Software Engineer,125000.0,1,1,1,1,14,-1,4.3,3.8,3.5,4.4,4.0,4.0
615,Software Engineer (Full Stack) - Remote,125000.0,5,2,0,4,20,4,4.0,3.3,3.7,3.1,3.5,3.5
618,Software Engineer,100000.0,2,1,1,1,13,2,4.3,4.3,4.4,4.3,4.3,4.4
623,Cloud Engineer,122650.0,10,1,1,2,-1,-1,3.6,3.6,3.2,3.6,3.4,3.6
625,Software Engineer - CommerceTools,94099.2,1,2,1,7,43,7,3.6,3.4,3.0,3.5,3.1,3.5
626,Frontend Engineer,154960.0,5,2,0,2,24,4,4.2,4.3,4.0,4.2,4.0,4.0
627,Software Engineer - GIS,88847.0,2,1,0,5,26,6,4.1,4.2,4.1,4.3,4.2,3.9
629,Software Engineer,135000.0,6,2,0,2,7,-1,5.0,4.9,4.4,5.0,5.0,4.9
630,Junior Cloud Engineer,55000.0,2,2,0,7,43,7,3.6,3.4,3.0,3.5,3.1,3.5
631,Kubernetes Engineer,114400.0,1,3,0,1,-1,-1,4.2,3.9,3.7,4.0,4.0,4.2
632,Software Engineer,105000.0,5,1,1,5,-1,7,3.4,3.6,3.6,3.1,3.2,3.2
634,Software Engineer,100000.0,2,1,1,-1,-1,-1,-1.0,-1.0,-1.0,-1.0,-1.0,-1.0
635,Software Engineer,115000.0,2,1,1,2,-1,-1,4.8,4.4,4.4,4.7,4.7,5.0
637,Software Engineer,105000.0,3,1,1,-1,-1,-1,-1.0,-1.0,-1.0,-1.0,-1.0,-1.0
640,Frontend Engineer,125000.0,1,1,1,1,14,-1,4.3,3.8,3.5,4.4,4.0,4.0
643,Software Engineer - CommerceTools,94099.2,1,2,1,7,43,7,3.6,3.4,3.0,3.5,3.1,3.5
645,Software Development Engineer II - Creator Growth (Contract),176800.0,1,1,0,5,12,-1,4.0,3.7,3.8,3.9,3.3,3.9
646,Software Engineer,100000.0,2,1,1,1,13,2,4.3,4.3,4.4,4.3,4.3,4.4
647,Junior Level Cloud Engineer,88400.0,1,2,1,2,23,-1,3.9,3.5,3.4,3.6,3.7,3.5
649,Software Engineer - GIS,88847.0,2,1,0,5,26,6,4.1,4.2,4.1,4.3,4.2,3.9
650,Frontend Engineer,154960.0,5,2,0,2,24,4,4.2,4.3,4.0,4.2,4.0,4.0
652,Cloud Engineer,122650.0,10,1,1,2,-1,-1,3.6,3.6,3.2,3.6,3.4,3.6
653,Software Engineer,135000.0,6,2,0,2,7,-1,5.0,4.9,4.4,5.0,5.0,4.9
654,Software Engineer (Full Stack) - Remote,125000.0,5,2,0,4,20,4,4.0,3.3,3.7,3.1,3.5,3.5
660,Junior Cloud Engineer,55000.0,2,2,0,7,43,7,3.6,3.4,3.0,3.5,3.1,3.5
661,Kubernetes Engineer,114400.0,1,3,0,1,-1,-1,4.2,3.9,3.7,4.0,4.0,4.2
662,Software Engineer,105000.0,5,1,1,5,-1,7,3.4,3.6,3.6,3.1,3.2,3.2
664,Software Engineer,100000.0,2,1,1,-1,-1,-1,-1.0,-1.0,-1.0,-1.0,-1.0,-1.0
665,Software Engineer,115000.0,2,1,1,2,-1,-1,4.8,4.4,4.4,4.7,4.7,5.0
667,Software Engineer,105000.0,3,1,1,-1,-1,-1,-1.0,-1.0,-1.0,-1.0,-1.0,-1.0
670,Frontend Engineer,125000.0,1,1,1,1,14,-1,4.3,3.8,3.5,4.4,4.0,4.0
673,Software Engineer - CommerceTools,94099.2,1,2,1,7,43,7,3.6,3.4,3.0,3.5,3.1,3.5
675,Software Development Engineer II - Creator Growth (Contract),176800.0,1,1,0,5,12,-1,4.0,3.7,3.8,3.9,3.3,3.9
676,Software Engineer,100000.0,2,1,1,1,13,2,4.3,4.3,4.4,4.3,4.3,4.4
677,Junior Level Cloud Engineer,88400.0,1,2,1,2,23,-1,3.9,3.5,3.4,3.6,3.7,3.5
679,Software Engineer - GIS,88847.0,2,1,0,5,26,6,4.1,4.2,4.1,4.3,4.2,3.9
680,Frontend Engineer,154960.0,5,2,0,2,24,4,4.2,4.3,4.0,4.2,4.0,4.0
682,Cloud Engineer,122650.0,10,1,1,2,-1,-1,3.6,3.6,3.2,3.6,3.4,3.6
683,Software Engineer,135000.0,6,2,0,2,7,-1,5.0,4.9,4.4,5.0,5.0,4.9
684,Software Engineer (Full Stack) - Remote,125000.0,5,2,0,4,20,4,4.0,3.3,3.7,3.1,3.5,3.5
690,Junior Cloud Engineer,55000.0,2,2,0,7,43,7,3.6,3.4,3.0,3.5,3.1,3.5
691,Software Engineer,100000.0,2,1,1,-1,-1,-1,-1.0,-1.0,-1.0,-1.0,-1.0,-1.0
692,Software Engineer,105000.0,5,1,1,5,-1,7,3.4,3.6,3.6,3.1,3.2,3.2
693,Kubernetes Engineer,114400.0,1,3,0,1,-1,-1,4.2,3.9,3.7,4.0,4.0,4.2
694,Software Engineer - CommerceTools,94099.2,1,2,1,7,43,7,3.6,3.4,3.0,3.5,3.1,3.5
696,Software Engineer,115000.0,2,1,1,2,-1,-1,4.8,4.4,4.4,4.7,4.7,5.0
698,Junior Level Cloud Engineer,88400.0,1,2,1,2,23,-1,3.9,3.5,3.4,3.6,3.7,3.5
699,Frontend Engineer,125000.0,1,1,1,1,14,-1,4.3,3.8,3.5,4.4,4.0,4.0
700,Software Engineer,105000.0,3,1,1,-1,-1,-1,-1.0,-1.0,-1.0,-1.0,-1.0,-1.0
701,Software Engineer - GIS,88847.0,2,1,0,5,26,6,4.1,4.2,4.1,4.3,4.2,3.9
703,Software Engineer,100000.0,2,1,1,1,13,2,4.3,4.3,4.4,4.3,4.3,4.4
709,Frontend Engineer,154960.0,5,2,0,2,24,4,4.2,4.3,4.0,4.2,4.0,4.0
710,Software Development Engineer II - Creator Growth (Contract),176800.0,1,1,0,5,12,-1,4.0,3.7,3.8,3.9,3.3,3.9
711,Java Software Engineer,104000.0,5,1,1,-1,-1,-1,-1.0,-1.0,-1.0,-1.0,-1.0,-1.0
713,Cloud Engineer,124800.0,3,1,0,2,18,-1,4.4,4.2,4.3,4.4,4.3,4.5
714,Remote Software Engineer - All Levels,128743.0,4,1,0,1,4,-1,4.3,4.2,4.6,4.2,4.1,4.2
720,Junior Cloud Engineer,55000.0,2,2,0,7,43,7,3.6,3.4,3.0,3.5,3.1,3.5
721,Software Engineer,115000.0,2,1,1,2,-1,-1,4.8,4.4,4.4,4.7,4.7,5.0
722,Software Engineer,105000.0,5,1,1,5,-1,7,3.4,3.6,3.6,3.1,3.2,3.2
723,Frontend Engineer,125000.0,1,1,1,1,14,-1,4.3,3.8,3.5,4.4,4.0,4.0
724,Software Engineer,100000.0,2,1,1,-1,-1,-1,-1.0,-1.0,-1.0,-1.0,-1.0,-1.0
725,Kubernetes Engineer,114400.0,1,3,0,1,-1,-1,4.2,3.9,3.7,4.0,4.0,4.2
726,Software Engineer - CommerceTools,94099.2,1,2,1,7,43,7,3.6,3.4,3.0,3.5,3.1,3.5
728,Junior Level Cloud Engineer,88400.0,1,2,1,2,23,-1,3.9,3.5,3.4,3.6,3.7,3.5
730,Software Engineer,105000.0,3,1,1,-1,-1,-1,-1.0,-1.0,-1.0,-1.0,-1.0,-1.0
732,Software Engineer,100000.0,2,1,1,1,13,2,4.3,4.3,4.4,4.3,4.3,4.4
735,Full Stack Software Engineer,125000.0,1,1,1,1,14,-1,4.3,3.8,3.5,4.4,4.0,4.0
739,AWS Cloud Engineer,166774.4,7,2,1,-1,-1,-1,-1.0,-1.0,-1.0,-1.0,-1.0,-1.0
740,Software Engineer - GIS,88847.0,2,1,0,5,26,6,4.1,4.2,4.1,4.3,4.2,3.9
742,Frontend Engineer,154960.0,5,2,0,2,24,4,4.2,4.3,4.0,4.2,4.0,4.0
743,Software Development Engineer II - Creator Growth (Contract),176800.0,1,1,0,5,12,-1,4.0,3.7,3.8,3.9,3.3,3.9
744,Java Software Engineer,104000.0,5,1,1,-1,-1,-1,-1.0,-1.0,-1.0,-1.0,-1.0,-1.0
745,Remote Software Engineer - All Levels,128743.0,4,1,0,1,4,-1,4.3,4.2,4.6,4.2,4.1,4.2
746,Software Engineer (Full Stack) - Remote,125000.0,5,2,0,4,20,4,4.0,3.3,3.7,3.1,3.5,3.5
750,Junior Cloud Engineer,55000.0,2,2,0,7,43,7,3.6,3.4,3.0,3.5,3.1,3.5
751,Software Engineer - CommerceTools,94099.2,1,2,1,7,43,7,3.6,3.4,3.0,3.5,3.1,3.5
753,Software Engineer,115000.0,2,1,1,2,-1,-1,4.8,4.4,4.4,4.7,4.7,5.0
755,Frontend Engineer,125000.0,1,1,1,1,14,-1,4.3,3.8,3.5,4.4,4.0,4.0
756,Software Engineer,100000.0,2,1,1,-1,-1,-1,-1.0,-1.0,-1.0,-1.0,-1.0,-1.0
760,Software Engineer,105000.0,3,1,1,-1,-1,-1,-1.0,-1.0,-1.0,-1.0,-1.0,-1.0
761,Junior Level Cloud Engineer,88400.0,1,2,1,2,23,-1,3.9,3.5,3.4,3.6,3.7,3.5
762,Kubernetes Engineer,114400.0,1,3,0,1,-1,-1,4.2,3.9,3.7,4.0,4.0,4.2
763,Software Engineer (Full Stack) - Remote,125000.0,5,2,0,4,20,4,4.0,3.3,3.7,3.1,3.5,3.5
764,Software Engineer - GIS,88847.0,2,1,0,5,26,6,4.1,4.2,4.1,4.3,4.2,3.9
766,AWS Cloud Engineer,166774.4,7,2,1,-1,-1,-1,-1.0,-1.0,-1.0,-1.0,-1.0,-1.0
767,Software Engineer,100000.0,2,1,1,1,13,2,4.3,4.3,4.4,4.3,4.3,4.4
769,Remote Software Engineer - All Levels,128743.0,4,1,0,1,4,-1,4.3,4.2,4.6,4.2,4.1,4.2
771,Frontend UI Developer,105000.0,7,2,0,2,13,4,4.0,3.7,3.8,3.7,3.5,3.9
772,Software Development Engineer II - Creator Growth (Contract),176800.0,1,1,0,5,12,-1,4.0,3.7,3.8,3.9,3.3,3.9
776,Full Stack Software Engineer,125000.0,1,1,1,1,14,-1,4.3,3.8,3.5,4.4,4.0,4.0
777,Frontend Engineer,154960.0,5,2,0,2,24,4,4.2,4.3,4.0,4.2,4.0,4.0
778,Software Engineer - Backend,98830.0,5,1,0,1,4,-1,3.2,3.5,3.6,3.2,2.7,2.9
780,Junior Cloud Engineer,55000.0,2,2,0,7,43,7,3.6,3.4,3.0,3.5,3.1,3.5
781,Software Engineer - CommerceTools,94099.2,1,2,1,7,43,7,3.6,3.4,3.0,3.5,3.1,3.5
782,Software Engineer,105000.0,5,1,1,5,-1,7,3.4,3.6,3.6,3.1,3.2,3.2
784,Software Engineer,115000.0,2,1,1,2,-1,-1,4.8,4.4,4.4,4.7,4.7,5.0
785,Software Engineer,100000.0,2,1,1,-1,-1,-1,-1.0,-1.0,-1.0,-1.0,-1.0,-1.0
789,Kubernetes Engineer,114400.0,1,3,0,1,-1,-1,4.2,3.9,3.7,4.0,4.0,4.2
791,Frontend Engineer,125000.0,1,1,1,1,14,-1,4.3,3.8,3.5,4.4,4.0,4.0
792,Software Engineer,105000.0,3,1,1,-1,-1,-1,-1.0,-1.0,-1.0,-1.0,-1.0,-1.0
793,Software Engineer - GIS,88847.0,2,1,0,5,26,6,4.1,4.2,4.1,4.3,4.2,3.9
794,AWS Cloud Engineer,166774.4,7,2,1,-1,-1,-1,-1.0,-1.0,-1.0,-1.0,-1.0,-1.0
796,Junior Level Cloud Engineer,88400.0,1,2,1,2,23,-1,3.9,3.5,3.4,3.6,3.7,3.5
797,Remote Software Engineer - All Levels,128743.0,4,1,0,1,4,-1,4.3,4.2,4.6,4.2,4.1,4.2
798,Software Engineer,100000.0,2,1,1,1,13,2,4.3,4.3,4.4,4.3,4.3,4.4
800,Software Engineer (Full Stack) - Remote,125000.0,5,2,0,4,20,4,4.0,3.3,3.7,3.1,3.5,3.5
802,Software Development Engineer II - Creator Growth (Contract),176800.0,1,1,0,5,12,-1,4.0,3.7,3.8,3.9,3.3,3.9
806,Frontend UI Developer,105000.0,7,2,0,2,13,4,4.0,3.7,3.8,3.7,3.5,3.9
808,Java Software Engineer,104000.0,5,1,1,-1,-1,-1,-1.0,-1.0,-1.0,-1.0,-1.0,-1.0
809,Software Engineer - Backend,98830.0,5,1,0,1,4,-1,3.2,3.5,3.6,3.2,2.7,2.9
810,Junior Cloud Engineer,55000.0,2,2,0,7,43,7,3.6,3.4,3.0,3.5,3.1,3.5
811,Software Engineer - CommerceTools,94099.2,1,2,1,7,43,7,3.6,3.4,3.0,3.5,3.1,3.5
812,Software Engineer,105000.0,5,1,1,5,-1,7,3.4,3.6,3.6,3.1,3.2,3.2
813,Software Engineer - GIS,88847.0,2,1,0,5,26,6,4.1,4.2,4.1,4.3,4.2,3.9
814,Software Engineer,115000.0,2,1,1,2,-1,-1,4.8,4.4,4.4,4.7,4.7,5.0
816,Software Development Engineer II - Creator Growth (Contract),176800.0,1,1,0,5,12,-1,4.0,3.7,3.8,3.9,3.3,3.9
818,Software Engineer,100000.0,2,1,1,-1,-1,-1,-1.0,-1.0,-1.0,-1.0,-1.0,-1.0
819,Kubernetes Engineer,114400.0,1,3,0,1,-1,-1,4.2,3.9,3.7,4.0,4.0,4.2
820,Software Engineer,105000.0,3,1,1,-1,-1,-1,-1.0,-1.0,-1.0,-1.0,-1.0,-1.0
821,Frontend Engineer,125000.0,1,1,1,1,14,-1,4.3,3.8,3.5,4.4,4.0,4.0
825,Junior Level Cloud Engineer,88400.0,1,2,1,2,23,-1,3.9,3.5,3.4,3.6,3.7,3.5
826,Java Software Engineer,104000.0,5,1,1,-1,-1,-1,-1.0,-1.0,-1.0,-1.0,-1.0,-1.0
831,Software Engineer,100000.0,2,1,1,1,13,2,4.3,4.3,4.4,4.3,4.3,4.4
832,Frontend UI Developer,105000.0,7,2,0,2,13,4,4.0,3.7,3.8,3.7,3.5,3.9
836,AWS Cloud Engineer,104000.0,4,1,0,3,10,3,4.3,4.3,4.4,4.4,4.5,4.3
840,Junior Cloud Engineer,55000.0,2,2,0,7,43,7,3.6,3.4,3.0,3.5,3.1,3.5
841,Software Engineer,105000.0,5,1,1,5,-1,7,3.4,3.6,3.6,3.1,3.2,3.2
842,Software Engineer,115000.0,2,1,1,2,-1,-1,4.8,4.4,4.4,4.7,4.7,5.0
843,Software Engineer - CommerceTools,94099.2,1,2,1,7,43,7,3.6,3.4,3.0,3.5,3.1,3.5
845,Software Engineer,100000.0,2,1,1,-1,-1,-1,-1.0,-1.0,-1.0,-1.0,-1.0,-1.0
846,Junior Level Cloud Engineer,88400.0,1,2,1,2,23,-1,3.9,3.5,3.4,3.6,3.7,3.5
849,Frontend Engineer,125000.0,1,1,1,1,14,-1,4.3,3.8,3.5,4.4,4.0,4.0
850,Software Development Engineer II - Creator Growth (Contract),176800.0,1,1,0,5,12,-1,4.0,3.7,3.8,3.9,3.3,3.9
851,Software Engineer - GIS,88847.0,2,1,0,5,26,6,4.1,4.2,4.1,4.3,4.2,3.9
853,Kubernetes Engineer,114400.0,1,3,0,1,-1,-1,4.2,3.9,3.7,4.0,4.0,4.2
854,Software Engineer,105000.0,3,1,1,-1,-1,-1,-1.0,-1.0,-1.0,-1.0,-1.0,-1.0
856,Software Engineer,100000.0,2,1,1,1,13,2,4.3,4.3,4.4,4.3,4.3,4.4
862,Full Stack Software Engineer,125000.0,1,1,1,1,14,-1,4.3,3.8,3.5,4.4,4.0,4.0
865,Remote Software Engineer - All Levels,128743.0,4,1,0,1,4,-1,4.3,4.2,4.6,4.2,4.1,4.2
867,Frontend Engineer,154960.0,5,2,0,2,24,4,4.2,4.3,4.0,4.2,4.0,4.0
869,Software Engineer,104150.0,2,1,0,7,25,9,3.9,3.5,3.9,4.0,3.4,4.0
870,Junior Cloud Engineer,55000.0,2,2,0,7,43,7,3.6,3.4,3.0,3.5,3.1,3.5
871,Software Engineer,105000.0,5,1,1,5,-1,7,3.4,3.6,3.6,3.1,3.2,3.2
872,Software Engineer,115000.0,2,1,1,2,-1,-1,4.8,4.4,4.4,4.7,4.7,5.0
873,Software Engineer - CommerceTools,94099.2,1,2,1,7,43,7,3.6,3.4,3.0,3.5,3.1,3.5
875,Software Engineer,100000.0,2,1,1,-1,-1,-1,-1.0,-1.0,-1.0,-1.0,-1.0,-1.0
877,Junior Level Cloud Engineer,88400.0,1,2,1,2,23,-1,3.9,3.5,3.4,3.6,3.7,3.5
880,Frontend Engineer,125000.0,1,1,1,1,14,-1,4.3,3.8,3.5,4.4,4.0,4.0
881,Software Development Engineer II - Creator Growth (Contract),176800.0,1,1,0,5,12,-1,4.0,3.7,3.8,3.9,3.3,3.9
883,Kubernetes Engineer,114400.0,1,3,0,1,-1,-1,4.2,3.9,3.7,4.0,4.0,4.2
884,Software Engineer,105000.0,3,1,1,-1,-1,-1,-1.0,-1.0,-1.0,-1.0,-1.0,-1.0
886,Software Engineer,100000.0,2,1,1,1,13,2,4.3,4.3,4.4,4.3,4.3,4.4
889,DevOps/Release Engineer,120099.2,5,1,0,1,-1,2,3.7,2.5,2.0,2.5,1.5,2.5
890,Software Engineer - GIS,88847.0,2,1,0,5,26,6,4.1,4.2,4.1,4.3,4.2,3.9
893,Full Stack Software Engineer,125000.0,1,1,1,1,14,-1,4.3,3.8,3.5,4.4,4.0,4.0
896,Remote Software Engineer - All Levels,128743.0,4,1,0,1,4,-1,4.3,4.2,4.6,4.2,4.1,4.2
898,Frontend Engineer,154960.0,5,2,0,2,24,4,4.2,4.3,4.0,4.2,4.0,4.0
900,Software Engineer,115000.0,2,1,1,2,-1,-1,4.8,4.4,4.4,4.7,4.7,5.0
901,Junior Cloud Engineer,55000.0,2,2,0,7,43,7,3.6,3.4,3.0,3.5,3.1,3.5
902,Software Engineer,105000.0,5,1,1,5,-1,7,3.4,3.6,3.6,3.1,3.2,3.2
903,Software Development Engineer II - Creator Growth (Contract),176800.0,1,1,0,5,12,-1,4.0,3.7,3.8,3.9,3.3,3.9
904,Junior Level Cloud Engineer,88400.0,1,2,1,2,23,-1,3.9,3.5,3.4,3.6,3.7,3.5
906,Software Engineer - CommerceTools,94099.2,1,2,1,7,43,7,3.6,3.4,3.0,3.5,3.1,3.5
907,Frontend Engineer,125000.0,1,1,1,1,14,-1,4.3,3.8,3.5,4.4,4.0,4.0
911,Software Engineer,100000.0,2,1,1,-1,-1,-1,-1.0,-1.0,-1.0,-1.0,-1.0,-1.0
912,Software Engineer,105000.0,3,1,1,-1,-1,-1,-1.0,-1.0,-1.0,-1.0,-1.0,-1.0
913,Kubernetes Engineer,114400.0,1,3,0,1,-1,-1,4.2,3.9,3.7,4.0,4.0,4.2
917,Software Engineer,100000.0,2,1,1,1,13,2,4.3,4.3,4.4,4.3,4.3,4.4
918,Remote Software Engineer - All Levels,128743.0,4,1,0,1,4,-1,4.3,4.2,4.6,4.2,4.1,4.2
921,Full Stack Software Engineer,125000.0,1,1,1,1,14,-1,4.3,3.8,3.5,4.4,4.0,4.0
923,DevOps/Release Engineer,120099.2,5,1,0,1,-1,2,3.7,2.5,2.0,2.5,1.5,2.5
925,Software Engineer - GIS,88847.0,2,1,0,5,26,6,4.1,4.2,4.1,4.3,4.2,3.9
930,Software Engineer,115000.0,2,1,1,2,-1,-1,4.8,4.4,4.4,4.7,4.7,5.0
931,Junior Cloud Engineer,55000.0,2,2,0,7,43,7,3.6,3.4,3.0,3.5,3.1,3.5
932,Frontend Engineer,125000.0,1,1,1,1,14,-1,4.3,3.8,3.5,4.4,4.0,4.0
933,Software Engineer,105000.0,5,1,1,5,-1,7,3.4,3.6,3.6,3.1,3.2,3.2
934,Kubernetes Engineer,114400.0,1,3,0,1,-1,-1,4.2,3.9,3.7,4.0,4.0,4.2
935,Software Engineer,100000.0,2,1,1,-1,-1,-1,-1.0,-1.0,-1.0,-1.0,-1.0,-1.0
936,Software Engineer - CommerceTools,94099.2,1,2,1,7,43,7,3.6,3.4,3.0,3.5,3.1,3.5
940,Software Engineer,105000.0,3,1,1,-1,-1,-1,-1.0,-1.0,-1.0,-1.0,-1.0,-1.0
941,Software Engineer,100000.0,2,1,1,1,13,2,4.3,4.3,4.4,4.3,4.3,4.4
943,Remote Software Engineer - All Levels,128743.0,4,1,0,1,4,-1,4.3,4.2,4.6,4.2,4.1,4.2
944,Junior Level Cloud Engineer,88400.0,1,2,1,2,23,-1,3.9,3.5,3.4,3.6,3.7,3.5
945,Software Engineer (Full Stack) - Remote,125000.0,5,2,0,4,20,4,4.0,3.3,3.7,3.1,3.5,3.5
948,Software Development Engineer II - Creator Growth (Contract),176800.0,1,1,0,5,12,-1,4.0,3.7,3.8,3.9,3.3,3.9
949,Full Stack Software Engineer,125000.0,1,1,1,1,14,-1,4.3,3.8,3.5,4.4,4.0,4.0
951,DevOps/Release Engineer,120099.2,5,1,0,1,-1,2,3.7,2.5,2.0,2.5,1.5,2.5
952,Frontend Engineer,154960.0,5,2,0,2,24,4,4.2,4.3,4.0,4.2,4.0,4.0
955,Software Engineer - GIS,88847.0,2,1,0,5,26,6,4.1,4.2,4.1,4.3,4.2,3.9
960,Software Engineer,115000.0,2,1,1,2,-1,-1,4.8,4.4,4.4,4.7,4.7,5.0
961,Junior Cloud Engineer,55000.0,2,2,0,7,43,7,3.6,3.4,3.0,3.5,3.1,3.5
962,Software Engineer,105000.0,5,1,1,5,-1,7,3.4,3.6,3.6,3.1,3.2,3.2
964,Kubernetes Engineer,114400.0,1,3,0,1,-1,-1,4.2,3.9,3.7,4.0,4.0,4.2
965,Software Engineer,100000.0,2,1,1,-1,-1,-1,-1.0,-1.0,-1.0,-1.0,-1.0,-1.0
966,Software Engineer - CommerceTools,94099.2,1,2,1,7,43,7,3.6,3.4,3.0,3.5,3.1,3.5
968,Frontend Engineer,125000.0,1,1,1,1,14,-1,4.3,3.8,3.5,4.4,4.0,4.0
971,Software Engineer,105000.0,3,1,1,-1,-1,-1,-1.0,-1.0,-1.0,-1.0,-1.0,-1.0
972,Software Engineer,100000.0,2,1,1,1,13,2,4.3,4.3,4.4,4.3,4.3,4.4
973,Remote Software Engineer - All Levels,128743.0,4,1,0,1,4,-1,4.3,4.2,4.6,4.2,4.1,4.2
974,Junior Level Cloud Engineer,88400.0,1,2,1,2,23,-1,3.9,3.5,3.4,3.6,3.7,3.5
977,Software Development Engineer II - Creator Growth (Contract),176800.0,1,1,0,5,12,-1,4.0,3.7,3.8,3.9,3.3,3.9
979,DevOps/Release Engineer,120099.2,5,1,0,1,-1,2,3.7,2.5,2.0,2.5,1.5,2.5
980,Frontend Engineer,154960.0,5,2,0,2,24,4,4.2,4.3,4.0,4.2,4.0,4.0
983,Software Engineer - GIS,88847.0,2,1,0,5,26,6,4.1,4.2,4.1,4.3,4.2,3.9
984,Software Engineer (Full Stack) - Remote,125000.0,5,2,0,4,20,4,4.0,3.3,3.7,3.1,3.5,3.5
988,Software Engineer,104150.0,2,1,0,7,25,9,3.9,3.5,3.9,4.0,3.4,4.0
990,Junior Cloud Engineer,55000.0,2,2,0,7,43,7,3.6,3.4,3.0,3.5,3.1,3.5
991,Software Engineer,105000.0,5,1,1,5,-1,7,3.4,3.6,3.6,3.1,3.2,3.2
992,Software Engineer,115000.0,2,1,1,2,-1,-1,4.8,4.4,4.4,4.7,4.7,5.0
994,Kubernetes Engineer,114400.0,1,3,0,1,-1,-1,4.2,3.9,3.7,4.0,4.0,4.2
995,Software Engineer,100000.0,2,1,1,-1,-1,-1,-1.0,-1.0,-1.0,-1.0,-1.0,-1.0
996,Software Engineer - CommerceTools,94099.2,1,2,1,7,43,7,3.6,3.4,3.0,3.5,3.1,3.5
998,Frontend Engineer,125000.0,1,1,1,1,14,-1,4.3,3.8,3.5,4.4,4.0,4.0
1001,Software Engineer,105000.0,3,1,1,-1,-1,-1,-1.0,-1.0,-1.0,-1.0,-1.0,-1.0
1002,Software Engineer,100000.0,2,1,1,1,13,2,4.3,4.3,4.4,4.3,4.3,4.4
1003,Remote Software Engineer - All Levels,128743.0,4,1,0,1,4,-1,4.3,4.2,4.6,4.2,4.1,4.2
1004,Junior Level Cloud Engineer,88400.0,1,2,1,2,23,-1,3.9,3.5,3.4,3.6,3.7,3.5
1007,Software Development Engineer II - Creator Growth (Contract),176800.0,1,1,0,5,12,-1,4.0,3.7,3.8,3.9,3.3,3.9
1009,DevOps/Release Engineer,120099.2,5,1,0,1,-1,2,3.7,2.5,2.0,2.5,1.5,2.5
1010,Frontend Engineer,154960.0,5,2,0,2,24,4,4.2,4.3,4.0,4.2,4.0,4.0
1013,Software Engineer - GIS,88847.0,2,1,0,5,26,6,4.1,4.2,4.1,4.3,4.2,3.9
1014,Software Engineer (Full Stack) - Remote,125000.0,5,2,0,4,20,4,4.0,3.3,3.7,3.1,3.5,3.5
1018,Software Engineer,104150.0,2,1,0,7,25,9,3.9,3.5,3.9,4.0,3.4,4.0
1020,Junior Cloud Engineer,55000.0,2,2,0,7,43,7,3.6,3.4,3.0,3.5,3.1,3.5
1021,Software Engineer,105000.0,5,1,1,5,-1,7,3.4,3.6,3.6,3.1,3.2,3.2
1022,Software Engineer,115000.0,2,1,1,2,-1,-1,4.8,4.4,4.4,4.7,4.7,5.0
1024,Kubernetes Engineer,114400.0,1,3,0,1,-1,-1,4.2,3.9,3.7,4.0,4.0,4.2
1025,Software Engineer,100000.0,2,1,1,-1,-1,-1,-1.0,-1.0,-1.0,-1.0,-1.0,-1.0
1026,Software Engineer - CommerceTools,94099.2,1,2,1,7,43,7,3.6,3.4,3.0,3.5,3.1,3.5
1028,Frontend Engineer,125000.0,1,1,1,1,14,-1,4.3,3.8,3.5,4.4,4.0,4.0
1031,Software Engineer,105000.0,3,1,1,-1,-1,-1,-1.0,-1.0,-1.0,-1.0,-1.0,-1.0
1032,Software Engineer,100000.0,2,1,1,1,13,2,4.3,4.3,4.4,4.3,4.3,4.4
1033,Remote Software Engineer - All Levels,128743.0,4,1,0,1,4,-1,4.3,4.2,4.6,4.2,4.1,4.2
1034,Junior Level Cloud Engineer,88400.0,1,2,1,2,23,-1,3.9,3.5,3.4,3.6,3.7,3.5
1036,Software Engineer - GIS,88847.0,2,1,0,5,26,6,4.1,4.2,4.1,4.3,4.2,3.9
1038,Software Development Engineer II - Creator Growth (Contract),176800.0,1,1,0,5,12,-1,4.0,3.7,3.8,3.9,3.3,3.9
1040,Frontend Engineer,154960.0,5,2,0,2,24,4,4.2,4.3,4.0,4.2,4.0,4.0
1043,Software Engineer (Full Stack) - Remote,125000.0,5,2,0,4,20,4,4.0,3.3,3.7,3.1,3.5,3.5
1047,Cloud Engineer,145000.0,5,1,1,2,12,-1,4.3,4.3,4.2,4.3,4.0,3.5
1048,Software Engineer,104150.0,2,1,0,7,25,9,3.9,3.5,3.9,4.0,3.4,4.0
1050,Junior Cloud Engineer,55000.0,2,2,0,7,43,7,3.6,3.4,3.0,3.5,3.1,3.5
1051,Software Engineer,105000.0,5,1,1,5,-1,7,3.4,3.6,3.6,3.1,3.2,3.2
1052,Software Engineer,115000.0,2,1,1,2,-1,-1,4.8,4.4,4.4,4.7,4.7,5.0
1054,Kubernetes Engineer,114400.0,1,3,0,1,-1,-1,4.2,3.9,3.7,4.0,4.0,4.2
1055,Software Engineer,100000.0,2,1,1,-1,-1,-1,-1.0,-1.0,-1.0,-1.0,-1.0,-1.0
1056,Software Engineer - CommerceTools,94099.2,1,2,1,7,43,7,3.6,3.4,3.0,3.5,3.1,3.5
1058,Frontend Engineer,125000.0,1,1,1,1,14,-1,4.3,3.8,3.5,4.4,4.0,4.0
1061,Software Engineer,105000.0,3,1,1,-1,-1,-1,-1.0,-1.0,-1.0,-1.0,-1.0,-1.0
1062,Software Engineer,100000.0,2,1,1,1,13,2,4.3,4.3,4.4,4.3,4.3,4.4
1063,Remote Software Engineer - All Levels,128743.0,4,1,0,1,4,-1,4.3,4.2,4.6,4.2,4.1,4.2
1064,Junior Level Cloud Engineer,88400.0,1,2,1,2,23,-1,3.9,3.5,3.4,3.6,3.7,3.5
1067,Software Development Engineer II - Creator Growth (Contract),176800.0,1,1,0,5,12,-1,4.0,3.7,3.8,3.9,3.3,3.9
1069,DevOps/Release Engineer,120099.2,5,1,0,1,-1,2,3.7,2.5,2.0,2.5,1.5,2.5
1070,Frontend Engineer,154960.0,5,2,0,2,24,4,4.2,4.3,4.0,4.2,4.0,4.0
1073,Software Engineer - GIS,88847.0,2,1,0,5,26,6,4.1,4.2,4.1,4.3,4.2,3.9
1074,Software Engineer (Full Stack) - Remote,125000.0,5,2,0,4,20,4,4.0,3.3,3.7,3.1,3.5,3.5
1078,Cloud Engineer,145000.0,5,1,1,2,12,-1,4.3,4.3,4.2,4.3,4.0,3.5
1079,Software Engineer,104150.0,2,1,0,7,25,9,3.9,3.5,3.9,4.0,3.4,4.0
1080,Junior Cloud Engineer,55000.0,2,2,0,7,43,7,3.6,3.4,3.0,3.5,3.1,3.5
1081,Software Engineer,105000.0,5,1,1,5,-1,7,3.4,3.6,3.6,3.1,3.2,3.2
1082,Software Engineer,115000.0,2,1,1,2,-1,-1,4.8,4.4,4.4,4.7,4.7,5.0
1084,Kubernetes Engineer,114400.0,1,3,0,1,-1,-1,4.2,3.9,3.7,4.0,4.0,4.2
1085,Software Engineer,100000.0,2,1,1,-1,-1,-1,-1.0,-1.0,-1.0,-1.0,-1.0,-1.0
1086,Software Engineer - CommerceTools,94099.2,1,2,1,7,43,7,3.6,3.4,3.0,3.5,3.1,3.5
1088,Frontend Engineer,125000.0,1,1,1,1,14,-1,4.3,3.8,3.5,4.4,4.0,4.0
1091,Software Engineer,105000.0,3,1,1,-1,-1,-1,-1.0,-1.0,-1.0,-1.0,-1.0,-1.0
1092,Software Engineer,100000.0,2,1,1,1,13,2,4.3,4.3,4.4,4.3,4.3,4.4
1093,Remote Software Engineer - All Levels,128743.0,4,1,0,1,4,-1,4.3,4.2,4.6,4.2,4.1,4.2
1094,Junior Level Cloud Engineer,88400.0,1,2,1,2,23,-1,3.9,3.5,3.4,3.6,3.7,3.5
1097,Software Development Engineer II - Creator Growth (Contract),176800.0,1,1,0,5,12,-1,4.0,3.7,3.8,3.9,3.3,3.9
1099,DevOps/Release Engineer,120099.2,5,1,0,1,-1,2,3.7,2.5,2.0,2.5,1.5,2.5
1103,Software Engineer - GIS,88847.0,2,1,0,5,26,6,4.1,4.2,4.1,4.3,4.2,3.9
1104,Software Engineer (Full Stack) - Remote,125000.0,5,2,0,4,20,4,4.0,3.3,3.7,3.1,3.5,3.5
1108,Cloud Engineer,145000.0,5,1,1,2,12,-1,4.3,4.3,4.2,4.3,4.0,3.5
1109,Software Engineer,104150.0,2,1,0,7,25,9,3.9,3.5,3.9,4.0,3.4,4.0
1110,Junior Cloud Engineer,55000.0,2,2,0,7,43,7,3.6,3.4,3.0,3.5,3.1,3.5
1111,Software Engineer,105000.0,5,1,1,5,-1,7,3.4,3.6,3.6,3.1,3.2,3.2
1112,Software Engineer,115000.0,2,1,1,2,-1,-1,4.8,4.4,4.4,4.7,4.7,5.0
1114,Kubernetes Engineer,114400.0,1,3,0,1,-1,-1,4.2,3.9,3.7,4.0,4.0,4.2
1115,Software Engineer,100000.0,2,1,1,-1,-1,-1,-1.0,-1.0,-1.0,-1.0,-1.0,-1.0
1116,Software Engineer - CommerceTools,94099.2,1,2,1,7,43,7,3.6,3.4,3.0,3.5,3.1,3.5
1118,Frontend Engineer,125000.0,1,1,1,1,14,-1,4.3,3.8,3.5,4.4,4.0,4.0
1121,Software Engineer,105000.0,3,1,1,-1,-1,-1,-1.0,-1.0,-1.0,-1.0,-1.0,-1.0
1122,Software Engineer,100000.0,2,1,1,1,13,2,4.3,4.3,4.4,4.3,4.3,4.4
1123,Remote Software Engineer - All Levels,128743.0,4,1,0,1,4,-1,4.3,4.2,4.6,4.2,4.1,4.2
1124,Junior Level Cloud Engineer,88400.0,1,2,1,2,23,-1,3.9,3.5,3.4,3.6,3.7,3.5
1126,Software Engineer - GIS,88847.0,2,1,0,5,26,6,4.1,4.2,4.1,4.3,4.2,3.9
1128,Software Development Engineer II - Creator Growth (Contract),176800.0,1,1,0,5,12,-1,4.0,3.7,3.8,3.9,3.3,3.9
1130,Frontend Engineer,154960.0,5,2,0,2,24,4,4.2,4.3,4.0,4.2,4.0,4.0
1133,Software Engineer (Full Stack) - Remote,125000.0,5,2,0,4,20,4,4.0,3.3,3.7,3.1,3.5,3.5
1137,Cloud Engineer,145000.0,5,1,1,2,12,-1,4.3,4.3,4.2,4.3,4.0,3.5
1138,Software Engineer,104150.0,2,1,0,7,25,9,3.9,3.5,3.9,4.0,3.4,4.0
1140,Junior Cloud Engineer,55000.0,2,2,0,7,43,7,3.6,3.4,3.0,3.5,3.1,3.5
1141,Software Engineer,105000.0,5,1,1,5,-1,7,3.4,3.6,3.6,3.1,3.2,3.2
1142,Software Engineer,115000.0,2,1,1,2,-1,-1,4.8,4.4,4.4,4.7,4.7,5.0
1143,Kubernetes Engineer,114400.0,1,3,0,1,-1,-1,4.2,3.9,3.7,4.0,4.0,4.2
1144,Software Engineer,100000.0,2,1,1,-1,-1,-1,-1.0,-1.0,-1.0,-1.0,-1.0,-1.0
1146,Software Engineer - CommerceTools,94099.2,1,2,1,7,43,7,3.6,3.4,3.0,3.5,3.1,3.5
1148,Software Engineer,105000.0,3,1,1,-1,-1,-1,-1.0,-1.0,-1.0,-1.0,-1.0,-1.0
1149,Junior Level Cloud Engineer,88400.0,1,2,1,2,23,-1,3.9,3.5,3.4,3.6,3.7,3.5
1154,Frontend Engineer,125000.0,1,1,1,1,14,-1,4.3,3.8,3.5,4.4,4.0,4.0
1155,Software Engineer - GIS,88847.0,2,1,0,5,26,6,4.1,4.2,4.1,4.3,4.2,3.9
1156,Software Engineer,100000.0,2,1,1,1,13,2,4.3,4.3,4.4,4.3,4.3,4.4
1157,Software Development Engineer II - Creator Growth (Contract),176800.0,1,1,0,5,12,-1,4.0,3.7,3.8,3.9,3.3,3.9
1158,Junior Software Developer,64480.0,2,1,1,-1,-1,-1,-1.0,-1.0,-1.0,-1.0,-1.0,-1.0
1160,Remote Software Engineer - All Levels,128743.0,4,1,0,1,4,-1,4.3,4.2,4.6,4.2,4.1,4.2
1164,Full Stack Software Engineer,125000.0,1,1,1,1,14,-1,4.3,3.8,3.5,4.4,4.0,4.0
1169,Frontend Engineer,154960.0,5,2,0,2,24,4,4.2,4.3,4.0,4.2,4.0,4.0
1170,Junior Cloud Engineer,55000.0,2,2,0,7,43,7,3.6,3.4,3.0,3.5,3.1,3.5
1171,Software Engineer,105000.0,5,1,1,5,-1,7,3.4,3.6,3.6,3.1,3.2,3.2
1172,Software Engineer - CommerceTools,94099.2,1,2,1,7,43,7,3.6,3.4,3.0,3.5,3.1,3.5
1173,Kubernetes Engineer,114400.0,1,3,0,1,-1,-1,4.2,3.9,3.7,4.0,4.0,4.2
1174,Software Engineer,115000.0,2,1,1,2,-1,-1,4.8,4.4,4.4,4.7,4.7,5.0
1175,Software Engineer,100000.0,2,1,1,-1,-1,-1,-1.0,-1.0,-1.0,-1.0,-1.0,-1.0
1178,Software Engineer,105000.0,3,1,1,-1,-1,-1,-1.0,-1.0,-1.0,-1.0,-1.0,-1.0
1181,Software Engineer - GIS,88847.0,2,1,0,5,26,6,4.1,4.2,4.1,4.3,4.2,3.9
1182,Junior Software Developer,64480.0,2,1,1,-1,-1,-1,-1.0,-1.0,-1.0,-1.0,-1.0,-1.0
1183,Frontend Engineer,125000.0,1,1,1,1,14,-1,4.3,3.8,3.5,4.4,4.0,4.0
1186,Junior Level Cloud Engineer,88400.0,1,2,1,2,23,-1,3.9,3.5,3.4,3.6,3.7,3.5
1187,Software Engineer,100000.0,2,1,1,1,13,2,4.3,4.3,4.4,4.3,4.3,4.4
1188,Remote Software Engineer - All Levels,128743.0,4,1,0,1,4,-1,4.3,4.2,4.6,4.2,4.1,4.2
1190,Software Development Engineer II - Creator Growth (Contract),176800.0,1,1,0,5,12,-1,4.0,3.7,3.8,3.9,3.3,3.9
1194,Software Engineer (Full Stack) - Remote,125000.0,5,2,0,4,20,4,4.0,3.3,3.7,3.1,3.5,3.5
1196,Java Software Engineer,104000.0,5,1,1,-1,-1,-1,-1.0,-1.0,-1.0,-1.0,-1.0,-1.0
1197,Frontend Engineer,154960.0,5,2,0,2,24,4,4.2,4.3,4.0,4.2,4.0,4.0
1200,Junior Cloud Engineer,55000.0,2,2,0,7,43,7,3.6,3.4,3.0,3.5,3.1,3.5
