,Job Title,Annual Salary,Experience,Education,Position,Is Remote,Company Size Scale,Company Old,Revenue Scale,Rating,Career Opportunities,Comp & Benefits,Culture & Values,Senior Management,Work Life Balance
1,Software Developer - JAVA (#0000101540),142480.0,5,0,0,0,5,24,6,3.5,3.5,3.2,3.4,3.2,3.5
3,Web Developer - Contract,166400.0,4,0,1,1,-1,-1,-1,-1,-1,-1,-1,-1,-1
7,Junior Software Developer,69420.0,2,0,0,0,1,-1,2,4.0,3.4,3.1,2.4,3.1,3.4
13,Junior Software Developer,84897.0,5,0,0,0,4,34,7,2.8,3.2,2.8,2.9,2.6,2.7
15,AWS FULL STACK DEVELOPER,187200.0,9,0,1,0,-1,-1,-1,-1,-1,-1,-1,-1,-1
18,Software Developer,145000.0,5,0,1,1,2,12,-1,4.3,4.3,4.2,4.3,4.0,3.5
20,Java Full Stack Developer 021,150800.0,5,1,1,0,-1,-1,-1,-1,-1,-1,-1,-1,-1
21,JUNIOR SOFTWARE DEVELOPER,76898.0,3,0,0,0,4,23,-1,3.1,3.5,3.3,3.0,3.2,2.0
22,Junior Software Developer,61500.0,12,0,0,0,2,70,4,3.2,2.9,2.8,3.4,3.0,2.7
24,Jr Software Engineer,88750.0,3,0,0,0,4,28,6,4.3,4.3,4.2,4.4,4.3,4.1
26,Jr. Web Developer,88750.0,3,0,0,0,4,28,6,4.3,4.3,4.2,4.4,4.3,4.1
31,Hadoop Developer,130000.0,3,1,1,0,4,-1,-1,-1,-1,-1,-1,-1,-1
37,Jr. Software Developer,54080.0,1,0,1,0,1,-1,-1,4.3,4.0,3.5,4.5,3.5,4.0
38,Jr. ReactJS/NodeJS Developer,68600.0,2,0,0,1,7,79,9,4.0,3.7,3.8,4.1,3.7,4.0
48,Jr Frontend Developer,70000.0,10,0,1,0,2,18,-1,4.1,4.1,4.0,4.3,4.1,4.2
54,Junior Developer,110000.0,3,0,1,0,5,56,7,3.7,3.5,3.3,3.7,3.4,3.6
56,Junior Level Software Developer,70000.0,1,0,0,0,1,6,-1,4.2,4.2,3.6,4.1,4.1,4.0
59,Shopify Developer,145600.0,1,0,1,1,1,-1,-1,-1,-1,-1,-1,-1,-1
61,Java Developer,135200.0,6,0,0,0,1,-1,-1,5.0,4.5,4.5,5.0,5.0,5.0
63,Trainee - Software Developer,90411.0,1,0,0,0,2,-1,-1,3.7,3.8,3.5,3.6,3.6,3.6
64,Software Developer I,64400.0,1,0,1,0,5,-1,6,4.2,3.7,3.5,4.1,3.8,3.9
65,Java Developer,123260.8,8,2,1,0,-1,-1,-1,-1,-1,-1,-1,-1,-1
66,Java Developer,84106.0,7,0,0,0,3,23,-1,3.8,3.8,3.0,3.7,3.7,3.7
67,Software Developer,93600.0,10,1,1,0,1,-1,-1,-1,-1,-1,-1,-1,-1
68,Software Developer I,48370.0,2,0,1,0,1,-1,2,3.7,3.6,3.3,4.0,3.5,3.5
73,Java Developer,124800.0,5,0,0,0,-1,-1,-1,-1,-1,-1,-1,-1,-1
77,Software Developer I,57500.0,4,0,1,1,5,38,6,2.9,3.0,3.0,2.9,2.8,2.7
79,Software Developer (Remote),55736.0,5,0,1,0,4,34,-1,4.3,3.9,4.1,4.3,4.2,3.9
85,Developer I,61382.0,5,0,0,0,7,54,9,3.8,3.7,3.6,3.8,3.4,3.5
91,Java Developer,123260.8,8,2,1,0,-1,-1,-1,-1,-1,-1,-1,-1,-1
95,Java Developer,135200.0,6,0,0,0,1,-1,-1,5.0,4.5,4.5,5.0,5.0,5.0
96,Java Developer,124800.0,5,0,0,0,-1,-1,-1,-1,-1,-1,-1,-1,-1
99,Java Full Stack Developer,138320.0,4,1,1,0,3,-1,-1,-1,-1,-1,-1,-1,-1
100,Java Developer,84106.0,7,0,0,0,3,23,-1,3.8,3.8,3.0,3.7,3.7,3.7
105,Sr. Java Developer,145600.0,2,1,0,0,-1,-1,-1,-1,-1,-1,-1,-1,-1
107,Full Stack Developer,124800.0,1,1,1,1,-1,-1,-1,-1,-1,-1,-1,-1,-1
110,Full Stack Developer,162240.0,10,0,1,0,-1,-1,-1,-1,-1,-1,-1,-1,-1
113,Training and Placement for Python (AWS) and Java Full Stack Developer,91520.0,1,1,1,1,-1,-1,-1,-1,-1,-1,-1,-1,-1
116,Java React Developer,130000.0,8,1,0,0,-1,-1,-1,-1,-1,-1,-1,-1,-1
117,Full Stack Java Developer,83200.0,3,0,1,0,-1,-1,-1,-1,-1,-1,-1,-1,-1
120,"Full Stack Java Developer (AWS, 10+ Years)",156000.0,10,0,1,0,1,-1,2,5.0,-1,-1,-1,-1,-1
124,Java Developer,123260.8,8,2,1,0,-1,-1,-1,-1,-1,-1,-1,-1,-1
126,Sr. Java Developer,145600.0,2,1,0,0,-1,-1,-1,-1,-1,-1,-1,-1,-1
127,Java Full Stack Developer,138320.0,4,1,1,0,3,-1,-1,-1,-1,-1,-1,-1,-1
128,Senior Java Full Stack Developer,140000.0,12,0,1,0,-1,-1,-1,-1,-1,-1,-1,-1,-1
130,Java Full Stack Developer,78911.0,3,0,1,0,7,29,9,3.8,3.7,3.4,3.7,3.4,3.6
136,Java Developer,124800.0,5,0,0,0,-1,-1,-1,-1,-1,-1,-1,-1,-1
139,Training and Placement for Python (AWS) and Java Full Stack Developer,91520.0,1,1,1,1,-1,-1,-1,-1,-1,-1,-1,-1,-1
142,Java Developer,84106.0,7,0,0,0,3,23,-1,3.8,3.8,3.0,3.7,3.7,3.7
143,Junior Java Software Developer,75000.0,2,0,0,0,2,-1,-1,2.2,3.2,2.8,2.2,2.7,3.2
151,Sr. Java Developer,145600.0,2,1,0,0,-1,-1,-1,-1,-1,-1,-1,-1,-1
152,Java Developer,124800.0,5,0,0,0,-1,-1,-1,-1,-1,-1,-1,-1,-1
153,Sr. Java Developer(Onsite),148720.0,8,0,1,0,2,-1,-1,3.6,3.0,3.0,2.5,3.0,2.5
154,"Full Stack Java Developer (AWS, 10+ Years)",156000.0,10,0,1,0,1,-1,2,5.0,-1,-1,-1,-1,-1
158,Java Developer,135200.0,6,0,0,0,1,-1,-1,5.0,4.5,4.5,5.0,5.0,5.0
171,Java Developer (Backend),130000.0,7,0,1,0,-1,-1,-1,-1,-1,-1,-1,-1,-1
172,Java React Developer,130000.0,8,1,0,0,-1,-1,-1,-1,-1,-1,-1,-1,-1
177,Senior Contract Java Developer,130000.0,8,0,1,0,1,-1,-1,-1,-1,-1,-1,-1,-1
178,Full Stack Developer,124800.0,1,1,1,1,-1,-1,-1,-1,-1,-1,-1,-1,-1
181,Sr. Java Developer,145600.0,2,1,0,0,-1,-1,-1,-1,-1,-1,-1,-1,-1
182,Software Developer - JAVA (#0000101540),142480.0,5,0,0,0,5,24,6,3.5,3.5,3.2,3.4,3.2,3.5
184,Java Developer,123260.8,8,2,1,0,-1,-1,-1,-1,-1,-1,-1,-1,-1
186,Java Developer,124800.0,5,0,0,0,-1,-1,-1,-1,-1,-1,-1,-1,-1
188,Software Developer,93600.0,10,1,1,0,1,-1,-1,-1,-1,-1,-1,-1,-1
193,Java Full Stack Developer 021,150800.0,5,1,1,0,-1,-1,-1,-1,-1,-1,-1,-1,-1
195,Java Developer,135200.0,6,0,0,0,1,-1,-1,5.0,4.5,4.5,5.0,5.0,5.0
199,Senior Software Developer,135900.0,4,0,1,0,7,12,8,3.7,3.6,3.5,3.6,3.3,3.6
200,Java Developer,109200.0,6,0,1,0,3,-1,3,4.5,4.4,4.2,4.4,3.8,4.4
205,Sr. Backend Engineer,145600.0,8,0,1,0,2,15,-1,4.1,4.2,3.9,4.2,4.3,4.1
207,Java Full Stack Developer,138320.0,4,1,1,0,3,-1,-1,-1,-1,-1,-1,-1,-1
209,Full Stack Developer,162240.0,10,0,1,0,-1,-1,-1,-1,-1,-1,-1,-1,-1
211,Software Developer - JAVA (#0000101540),142480.0,5,0,0,0,5,24,6,3.5,3.5,3.2,3.4,3.2,3.5
212,Java Developer,135200.0,6,0,0,0,1,-1,-1,5.0,4.5,4.5,5.0,5.0,5.0
213,Sr. Java Developer,145600.0,2,1,0,0,-1,-1,-1,-1,-1,-1,-1,-1,-1
214,Java Developer,123260.8,8,2,1,0,-1,-1,-1,-1,-1,-1,-1,-1,-1
218,Factory Java Developer,114400.0,8,0,1,0,-1,-1,-1,-1,-1,-1,-1,-1,-1
220,Java Developer,124800.0,5,0,0,0,-1,-1,-1,-1,-1,-1,-1,-1,-1
221,Software Developer,93600.0,10,1,1,0,1,-1,-1,-1,-1,-1,-1,-1,-1
222,Java Developer (Backend),130000.0,7,0,1,0,-1,-1,-1,-1,-1,-1,-1,-1,-1
224,Sr. Java Developer(Onsite),148720.0,8,0,1,0,2,-1,-1,3.6,3.0,3.0,2.5,3.0,2.5
225,Sr. Full Stack Java Angular Developer (BHJOB22048_741),77114.0,5,0,1,0,1,13,2,4.5,4.0,4.2,4.3,4.3,4.3
227,Senior Java Full Stack Developer,140000.0,12,0,1,0,-1,-1,-1,-1,-1,-1,-1,-1,-1
232,Java Full Stack Developer 021,150800.0,5,1,1,0,-1,-1,-1,-1,-1,-1,-1,-1,-1
235,Senior Software Developer,135900.0,4,0,1,0,7,12,8,3.7,3.6,3.5,3.6,3.3,3.6
240,Software Developer - JAVA (#0000101540),142480.0,5,0,0,0,5,24,6,3.5,3.5,3.2,3.4,3.2,3.5
242,Sr. Java Developer,145600.0,2,1,0,0,-1,-1,-1,-1,-1,-1,-1,-1,-1
243,Java Developer,135200.0,6,0,0,0,1,-1,-1,5.0,4.5,4.5,5.0,5.0,5.0
245,Java Developer,123260.8,8,2,1,0,-1,-1,-1,-1,-1,-1,-1,-1,-1
246,Software Developer,93600.0,10,1,1,0,1,-1,-1,-1,-1,-1,-1,-1,-1
248,Java Developer,124800.0,5,0,0,0,-1,-1,-1,-1,-1,-1,-1,-1,-1
249,Senior Software Developer,135900.0,4,0,1,0,7,12,8,3.7,3.6,3.5,3.6,3.3,3.6
252,Sr. Java Developer(Onsite),148720.0,8,0,1,0,2,-1,-1,3.6,3.0,3.0,2.5,3.0,2.5
256,Java Full Stack Developer 021,150800.0,5,1,1,0,-1,-1,-1,-1,-1,-1,-1,-1,-1
257,Java Developer (Backend),130000.0,7,0,1,0,-1,-1,-1,-1,-1,-1,-1,-1,-1
258,Senior Java Full Stack Developer,140000.0,12,0,1,0,-1,-1,-1,-1,-1,-1,-1,-1,-1
259,Java Developer,109200.0,6,0,1,0,3,-1,3,4.5,4.4,4.2,4.4,3.8,4.4
269,Sr. Full Stack Java Angular Developer (BHJOB22048_741),77114.0,5,0,1,0,1,13,2,4.5,4.0,4.2,4.3,4.3,4.3
272,Sr. Java Developer,145600.0,2,1,0,0,-1,-1,-1,-1,-1,-1,-1,-1,-1
273,Java Developer,123260.8,8,2,1,0,-1,-1,-1,-1,-1,-1,-1,-1,-1
274,Java Developer,124800.0,5,0,0,0,-1,-1,-1,-1,-1,-1,-1,-1,-1
275,Java Developer,135200.0,6,0,0,0,1,-1,-1,5.0,4.5,4.5,5.0,5.0,5.0
276,Software Developer - JAVA (#0000101540),142480.0,5,0,0,0,5,24,6,3.5,3.5,3.2,3.4,3.2,3.5
278,Software Developer,93600.0,10,1,1,0,1,-1,-1,-1,-1,-1,-1,-1,-1
279,Sr. Java Developer(Onsite),148720.0,8,0,1,0,2,-1,-1,3.6,3.0,3.0,2.5,3.0,2.5
280,Java Developer,109200.0,6,0,1,0,3,-1,3,4.5,4.4,4.2,4.4,3.8,4.4
281,Factory Java Developer,114400.0,8,0,1,0,-1,-1,-1,-1,-1,-1,-1,-1,-1
284,Sr. Backend Engineer,145600.0,8,0,1,0,2,15,-1,4.1,4.2,3.9,4.2,4.3,4.1
290,Java Developer (Backend),130000.0,7,0,1,0,-1,-1,-1,-1,-1,-1,-1,-1,-1
294,Senior Software Developer,135900.0,4,0,1,0,7,12,8,3.7,3.6,3.5,3.6,3.3,3.6
295,Python Developer,145600.0,3,1,1,0,5,16,7,3.6,3.6,3.8,3.8,3.2,3.9
299,Java Developer,104166.4,6,0,1,0,2,10,2,4.6,4.4,4.2,4.7,4.4,4.4
301,Sr. Java Developer,145600.0,2,1,0,0,-1,-1,-1,-1,-1,-1,-1,-1,-1
302,Software Developer - JAVA (#0000101540),142480.0,5,0,0,0,5,24,6,3.5,3.5,3.2,3.4,3.2,3.5
306,Sr. Java Developer(Onsite),148720.0,8,0,1,0,2,-1,-1,3.6,3.0,3.0,2.5,3.0,2.5
309,Java Developer (Backend),130000.0,7,0,1,0,-1,-1,-1,-1,-1,-1,-1,-1,-1
310,Factory Java Developer,114400.0,8,0,1,0,-1,-1,-1,-1,-1,-1,-1,-1,-1
313,Java Developer,123260.8,8,2,1,0,-1,-1,-1,-1,-1,-1,-1,-1,-1
316,Java Developer,124800.0,5,0,0,0,-1,-1,-1,-1,-1,-1,-1,-1,-1
317,Senior Java Full Stack Developer,140000.0,12,0,1,0,-1,-1,-1,-1,-1,-1,-1,-1,-1
318,Software Developer,93600.0,10,1,1,0,1,-1,-1,-1,-1,-1,-1,-1,-1
322,Java Developer,135200.0,6,0,0,0,1,-1,-1,5.0,4.5,4.5,5.0,5.0,5.0
323,Java Full Stack Developer 021,150800.0,5,1,1,0,-1,-1,-1,-1,-1,-1,-1,-1,-1
329,Sr. Backend Engineer,145600.0,8,0,1,0,2,15,-1,4.1,4.2,3.9,4.2,4.3,4.1
331,Software Developer - JAVA (#0000101540),142480.0,5,0,0,0,5,24,6,3.5,3.5,3.2,3.4,3.2,3.5
332,Factory Java Developer,114400.0,8,0,1,0,-1,-1,-1,-1,-1,-1,-1,-1,-1
333,Sr. Java Developer,145600.0,2,1,0,0,-1,-1,-1,-1,-1,-1,-1,-1,-1
334,Java Developer,124800.0,5,0,0,0,-1,-1,-1,-1,-1,-1,-1,-1,-1
335,Java Developer,109200.0,6,0,1,0,3,-1,3,4.5,4.4,4.2,4.4,3.8,4.4
336,Sr. Java Developer(Onsite),148720.0,8,0,1,0,2,-1,-1,3.6,3.0,3.0,2.5,3.0,2.5
337,Java Developer (Backend),130000.0,7,0,1,0,-1,-1,-1,-1,-1,-1,-1,-1,-1
340,Senior Java/J2EE Developer,111280.0,12,0,1,0,-1,-1,-1,-1,-1,-1,-1,-1,-1
343,Software Developer,93600.0,10,1,1,0,1,-1,-1,-1,-1,-1,-1,-1,-1
344,Java Backend Developer,114400.0,10,0,1,0,1,-1,-1,4.6,4.6,4.2,4.4,4.3,4.6
347,Senior Software Developer,135900.0,4,0,1,0,7,12,8,3.7,3.6,3.5,3.6,3.3,3.6
348,Senior Contract Java Developer,130000.0,8,0,1,0,1,-1,-1,-1,-1,-1,-1,-1,-1
351,Sr. Java/J2EE Developer,135200.0,8,0,1,0,2,8,2,4.5,4.4,4.1,4.3,4.2,4.4
353,Java Developer,104166.4,6,0,1,0,2,10,2,4.6,4.4,4.2,4.7,4.4,4.4
361,Software Developer - JAVA (#0000101540),142480.0,5,0,0,0,5,24,6,3.5,3.5,3.2,3.4,3.2,3.5
362,Factory Java Developer,114400.0,8,0,1,0,-1,-1,-1,-1,-1,-1,-1,-1,-1
363,Sr. Java Developer,145600.0,2,1,0,0,-1,-1,-1,-1,-1,-1,-1,-1,-1
364,Java Developer,124800.0,5,0,0,0,-1,-1,-1,-1,-1,-1,-1,-1,-1
365,Java Developer,109200.0,6,0,1,0,3,-1,3,4.5,4.4,4.2,4.4,3.8,4.4
366,Sr. Java Developer(Onsite),148720.0,8,0,1,0,2,-1,-1,3.6,3.0,3.0,2.5,3.0,2.5
367,Java Developer (Backend),130000.0,7,0,1,0,-1,-1,-1,-1,-1,-1,-1,-1,-1
370,Senior Java/J2EE Developer,111280.0,12,0,1,0,-1,-1,-1,-1,-1,-1,-1,-1,-1
373,Software Developer,93600.0,10,1,1,0,1,-1,-1,-1,-1,-1,-1,-1,-1
374,Java Backend Developer,114400.0,10,0,1,0,1,-1,-1,4.6,4.6,4.2,4.4,4.3,4.6
378,Senior Contract Java Developer,130000.0,8,0,1,0,1,-1,-1,-1,-1,-1,-1,-1,-1
381,Sr. Java/J2EE Developer,135200.0,8,0,1,0,2,8,2,4.5,4.4,4.1,4.3,4.2,4.4
383,Java Developer,104166.4,6,0,1,0,2,10,2,4.6,4.4,4.2,4.7,4.4,4.4
391,Software Developer - JAVA (#0000101540),142480.0,5,0,0,0,5,24,6,3.5,3.5,3.2,3.4,3.2,3.5
392,Factory Java Developer,114400.0,8,0,1,0,-1,-1,-1,-1,-1,-1,-1,-1,-1
393,Sr. Java Developer,145600.0,2,1,0,0,-1,-1,-1,-1,-1,-1,-1,-1,-1
394,Java Developer,124800.0,5,0,0,0,-1,-1,-1,-1,-1,-1,-1,-1,-1
395,Java Developer,109200.0,6,0,1,0,3,-1,3,4.5,4.4,4.2,4.4,3.8,4.4
396,Sr. Java Developer(Onsite),148720.0,8,0,1,0,2,-1,-1,3.6,3.0,3.0,2.5,3.0,2.5
397,Java Developer (Backend),130000.0,7,0,1,0,-1,-1,-1,-1,-1,-1,-1,-1,-1
400,Senior Java/J2EE Developer,111280.0,12,0,1,0,-1,-1,-1,-1,-1,-1,-1,-1,-1
403,Software Developer,93600.0,10,1,1,0,1,-1,-1,-1,-1,-1,-1,-1,-1
404,Java Backend Developer,114400.0,10,0,1,0,1,-1,-1,4.6,4.6,4.2,4.4,4.3,4.6
407,Senior Software Developer,135900.0,4,0,1,0,7,12,8,3.7,3.6,3.5,3.6,3.3,3.6
408,Senior Contract Java Developer,130000.0,8,0,1,0,1,-1,-1,-1,-1,-1,-1,-1,-1
411,Sr. Java/J2EE Developer,135200.0,8,0,1,0,2,8,2,4.5,4.4,4.1,4.3,4.2,4.4
413,Java Developer,104166.4,6,0,1,0,2,10,2,4.6,4.4,4.2,4.7,4.4,4.4
421,Software Developer - JAVA (#0000101540),142480.0,5,0,0,0,5,24,6,3.5,3.5,3.2,3.4,3.2,3.5
422,Factory Java Developer,114400.0,8,0,1,0,-1,-1,-1,-1,-1,-1,-1,-1,-1
423,Sr. Java Developer,145600.0,2,1,0,0,-1,-1,-1,-1,-1,-1,-1,-1,-1
424,Java Developer,124800.0,5,0,0,0,-1,-1,-1,-1,-1,-1,-1,-1,-1
425,Java Developer,109200.0,6,0,1,0,3,-1,3,4.5,4.4,4.2,4.4,3.8,4.4
426,Sr. Java Developer(Onsite),148720.0,8,0,1,0,2,-1,-1,3.6,3.0,3.0,2.5,3.0,2.5
427,Java Developer (Backend),130000.0,7,0,1,0,-1,-1,-1,-1,-1,-1,-1,-1,-1
430,Senior Java/J2EE Developer,111280.0,12,0,1,0,-1,-1,-1,-1,-1,-1,-1,-1,-1
433,Software Developer,93600.0,10,1,1,0,1,-1,-1,-1,-1,-1,-1,-1,-1
434,Java Backend Developer,114400.0,10,0,1,0,1,-1,-1,4.6,4.6,4.2,4.4,4.3,4.6
437,Senior Software Developer,135900.0,4,0,1,0,7,12,8,3.7,3.6,3.5,3.6,3.3,3.6
438,Senior Contract Java Developer,130000.0,8,0,1,0,1,-1,-1,-1,-1,-1,-1,-1,-1
441,Sr. Java/J2EE Developer,135200.0,8,0,1,0,2,8,2,4.5,4.4,4.1,4.3,4.2,4.4
443,Java Developer,104166.4,6,0,1,0,2,10,2,4.6,4.4,4.2,4.7,4.4,4.4
451,Software Developer - JAVA (#0000101540),142480.0,5,0,0,0,5,24,6,3.5,3.5,3.2,3.4,3.2,3.5
452,Factory Java Developer,114400.0,8,0,1,0,-1,-1,-1,-1,-1,-1,-1,-1,-1
453,Sr. Java Developer,145600.0,2,1,0,0,-1,-1,-1,-1,-1,-1,-1,-1,-1
454,Java Developer,124800.0,5,0,0,0,-1,-1,-1,-1,-1,-1,-1,-1,-1
455,Java Developer,109200.0,6,0,1,0,3,-1,3,4.5,4.4,4.2,4.4,3.8,4.4
456,Sr. Java Developer(Onsite),148720.0,8,0,1,0,2,-1,-1,3.6,3.0,3.0,2.5,3.0,2.5
457,Java Developer (Backend),130000.0,7,0,1,0,-1,-1,-1,-1,-1,-1,-1,-1,-1
460,Senior Java/J2EE Developer,111280.0,12,0,1,0,-1,-1,-1,-1,-1,-1,-1,-1,-1
463,Software Developer,93600.0,10,1,1,0,1,-1,-1,-1,-1,-1,-1,-1,-1
464,Java Backend Developer,114400.0,10,0,1,0,1,-1,-1,4.6,4.6,4.2,4.4,4.3,4.6
467,Senior Software Developer,135900.0,4,0,1,0,7,12,8,3.7,3.6,3.5,3.6,3.3,3.6
468,Senior Contract Java Developer,130000.0,8,0,1,0,1,-1,-1,-1,-1,-1,-1,-1,-1
471,Sr. Java/J2EE Developer,135200.0,8,0,1,0,2,8,2,4.5,4.4,4.1,4.3,4.2,4.4
473,Java Developer,104166.4,6,0,1,0,2,10,2,4.6,4.4,4.2,4.7,4.4,4.4
481,Software Developer - JAVA (#0000101540),142480.0,5,0,0,0,5,24,6,3.5,3.5,3.2,3.4,3.2,3.5
482,Sr. Java Developer,145600.0,2,1,0,0,-1,-1,-1,-1,-1,-1,-1,-1,-1
483,Factory Java Developer,114400.0,8,0,1,0,-1,-1,-1,-1,-1,-1,-1,-1,-1
484,Java Developer,124800.0,5,0,0,0,-1,-1,-1,-1,-1,-1,-1,-1,-1
485,Senior Software Developer,135900.0,4,0,1,0,7,12,8,3.7,3.6,3.5,3.6,3.3,3.6
486,Senior Java/J2EE Developer,111280.0,12,0,1,0,-1,-1,-1,-1,-1,-1,-1,-1,-1
487,Java Developer (Backend),130000.0,7,0,1,0,-1,-1,-1,-1,-1,-1,-1,-1,-1
488,Java Developer,109200.0,6,0,1,0,3,-1,3,4.5,4.4,4.2,4.4,3.8,4.4
489,Sr. Java Developer(Onsite),148720.0,8,0,1,0,2,-1,-1,3.6,3.0,3.0,2.5,3.0,2.5
491,Senior Contract Java Developer,130000.0,8,0,1,0,1,-1,-1,-1,-1,-1,-1,-1,-1
492,Sr. Backend Engineer,145600.0,8,0,1,0,2,15,-1,4.1,4.2,3.9,4.2,4.3,4.1
495,Java Developer,104166.4,6,0,1,0,2,10,2,4.6,4.4,4.2,4.7,4.4,4.4
509,Python Developer,145600.0,3,1,1,0,5,16,7,3.6,3.6,3.8,3.8,3.2,3.9
511,Software Developer - JAVA (#0000101540),142480.0,5,0,0,0,5,24,6,3.5,3.5,3.2,3.4,3.2,3.5
512,Sr. Java Developer,145600.0,2,1,0,0,-1,-1,-1,-1,-1,-1,-1,-1,-1
513,Factory Java Developer,114400.0,8,0,1,0,-1,-1,-1,-1,-1,-1,-1,-1,-1
514,Java Developer,124800.0,5,0,0,0,-1,-1,-1,-1,-1,-1,-1,-1,-1
515,Senior Software Developer,135900.0,4,0,1,0,7,12,8,3.7,3.6,3.5,3.6,3.3,3.6
516,Senior Java/J2EE Developer,111280.0,12,0,1,0,-1,-1,-1,-1,-1,-1,-1,-1,-1
517,Java Developer (Backend),130000.0,7,0,1,0,-1,-1,-1,-1,-1,-1,-1,-1,-1
518,Java Developer,109200.0,6,0,1,0,3,-1,3,4.5,4.4,4.2,4.4,3.8,4.4
519,Sr. Java Developer(Onsite),148720.0,8,0,1,0,2,-1,-1,3.6,3.0,3.0,2.5,3.0,2.5
521,Senior Contract Java Developer,130000.0,8,0,1,0,1,-1,-1,-1,-1,-1,-1,-1,-1
522,Sr. Backend Engineer,145600.0,8,0,1,0,2,15,-1,4.1,4.2,3.9,4.2,4.3,4.1
525,Java Developer,104166.4,6,0,1,0,2,10,2,4.6,4.4,4.2,4.7,4.4,4.4
527,Software Developer,93600.0,10,1,1,0,1,-1,-1,-1,-1,-1,-1,-1,-1
539,Python Developer,145600.0,3,1,1,0,5,16,7,3.6,3.6,3.8,3.8,3.2,3.9
541,Software Developer - JAVA (#0000101540),142480.0,5,0,0,0,5,24,6,3.5,3.5,3.2,3.4,3.2,3.5
542,Sr. Java Developer,145600.0,2,1,0,0,-1,-1,-1,-1,-1,-1,-1,-1,-1
543,Factory Java Developer,114400.0,8,0,1,0,-1,-1,-1,-1,-1,-1,-1,-1,-1
544,Java Developer,124800.0,5,0,0,0,-1,-1,-1,-1,-1,-1,-1,-1,-1
545,Senior Software Developer,135900.0,4,0,1,0,7,12,8,3.7,3.6,3.5,3.6,3.3,3.6
546,Senior Java/J2EE Developer,111280.0,12,0,1,0,-1,-1,-1,-1,-1,-1,-1,-1,-1
547,Java Developer (Backend),130000.0,7,0,1,0,-1,-1,-1,-1,-1,-1,-1,-1,-1
548,Java Developer,109200.0,6,0,1,0,3,-1,3,4.5,4.4,4.2,4.4,3.8,4.4
549,Sr. Java Developer(Onsite),148720.0,8,0,1,0,2,-1,-1,3.6,3.0,3.0,2.5,3.0,2.5
551,Senior Contract Java Developer,130000.0,8,0,1,0,1,-1,-1,-1,-1,-1,-1,-1,-1
552,Sr. Backend Engineer,145600.0,8,0,1,0,2,15,-1,4.1,4.2,3.9,4.2,4.3,4.1
555,Java Developer,104166.4,6,0,1,0,2,10,2,4.6,4.4,4.2,4.7,4.4,4.4
557,Software Developer,93600.0,10,1,1,0,1,-1,-1,-1,-1,-1,-1,-1,-1
568,Python Developer,145600.0,3,1,1,0,5,16,7,3.6,3.6,3.8,3.8,3.2,3.9
571,Software Developer - JAVA (#0000101540),142480.0,5,0,0,0,5,24,6,3.5,3.5,3.2,3.4,3.2,3.5
572,Sr. Java Developer,145600.0,2,1,0,0,-1,-1,-1,-1,-1,-1,-1,-1,-1
573,Factory Java Developer,114400.0,8,0,1,0,-1,-1,-1,-1,-1,-1,-1,-1,-1
574,Java Developer,124800.0,5,0,0,0,-1,-1,-1,-1,-1,-1,-1,-1,-1
575,Senior Software Developer,135900.0,4,0,1,0,7,12,8,3.7,3.6,3.5,3.6,3.3,3.6
576,Senior Java/J2EE Developer,111280.0,12,0,1,0,-1,-1,-1,-1,-1,-1,-1,-1,-1
577,Java Developer (Backend),130000.0,7,0,1,0,-1,-1,-1,-1,-1,-1,-1,-1,-1
578,Java Developer,109200.0,6,0,1,0,3,-1,3,4.5,4.4,4.2,4.4,3.8,4.4
579,Sr. Java Developer(Onsite),148720.0,8,0,1,0,2,-1,-1,3.6,3.0,3.0,2.5,3.0,2.5
581,Senior Contract Java Developer,130000.0,8,0,1,0,1,-1,-1,-1,-1,-1,-1,-1,-1
582,Sr. Backend Engineer,145600.0,8,0,1,0,2,15,-1,4.1,4.2,3.9,4.2,4.3,4.1
585,Java Developer,104166.4,6,0,1,0,2,10,2,4.6,4.4,4.2,4.7,4.4,4.4
587,Software Developer,93600.0,10,1,1,0,1,-1,-1,-1,-1,-1,-1,-1,-1
599,Python Developer,145600.0,3,1,1,0,5,16,7,3.6,3.6,3.8,3.8,3.2,3.9
602,Sr. Java Developer,145600.0,2,1,0,0,-1,-1,-1,-1,-1,-1,-1,-1,-1
603,Factory Java Developer,114400.0,8,0,1,0,-1,-1,-1,-1,-1,-1,-1,-1,-1
604,Java Developer,124800.0,5,0,0,0,-1,-1,-1,-1,-1,-1,-1,-1,-1
605,Senior Software Developer,135900.0,4,0,1,0,7,12,8,3.7,3.6,3.5,3.6,3.3,3.6
606,Senior Java/J2EE Developer,111280.0,12,0,1,0,-1,-1,-1,-1,-1,-1,-1,-1,-1
607,Java Developer (Backend),130000.0,7,0,1,0,-1,-1,-1,-1,-1,-1,-1,-1,-1
608,Java Developer,109200.0,6,0,1,0,3,-1,3,4.5,4.4,4.2,4.4,3.8,4.4
609,Sr. Java Developer(Onsite),148720.0,8,0,1,0,2,-1,-1,3.6,3.0,3.0,2.5,3.0,2.5
611,Senior Contract Java Developer,130000.0,8,0,1,0,1,-1,-1,-1,-1,-1,-1,-1,-1
612,Sr. Backend Engineer,145600.0,8,0,1,0,2,15,-1,4.1,4.2,3.9,4.2,4.3,4.1
615,Java Developer,104166.4,6,0,1,0,2,10,2,4.6,4.4,4.2,4.7,4.4,4.4
617,Software Developer,93600.0,10,1,1,0,1,-1,-1,-1,-1,-1,-1,-1,-1
631,Software Developer - JAVA (#0000101540),142480.0,5,0,0,0,5,24,6,3.5,3.5,3.2,3.4,3.2,3.5
632,Sr. Java Developer,145600.0,2,1,0,0,-1,-1,-1,-1,-1,-1,-1,-1,-1
633,Factory Java Developer,114400.0,8,0,1,0,-1,-1,-1,-1,-1,-1,-1,-1,-1
634,Java Developer,124800.0,5,0,0,0,-1,-1,-1,-1,-1,-1,-1,-1,-1
635,Senior Software Developer,135900.0,4,0,1,0,7,12,8,3.7,3.6,3.5,3.6,3.3,3.6
636,Senior Java/J2EE Developer,111280.0,12,0,1,0,-1,-1,-1,-1,-1,-1,-1,-1,-1
637,Java Developer (Backend),130000.0,7,0,1,0,-1,-1,-1,-1,-1,-1,-1,-1,-1
638,Java Developer,109200.0,6,0,1,0,3,-1,3,4.5,4.4,4.2,4.4,3.8,4.4
639,Sr. Java Developer(Onsite),148720.0,8,0,1,0,2,-1,-1,3.6,3.0,3.0,2.5,3.0,2.5
641,Senior Contract Java Developer,130000.0,8,0,1,0,1,-1,-1,-1,-1,-1,-1,-1,-1
642,Sr. Backend Engineer,145600.0,8,0,1,0,2,15,-1,4.1,4.2,3.9,4.2,4.3,4.1
645,Java Developer,104166.4,6,0,1,0,2,10,2,4.6,4.4,4.2,4.7,4.4,4.4
647,Software Developer,93600.0,10,1,1,0,1,-1,-1,-1,-1,-1,-1,-1,-1
659,Python Developer,145600.0,3,1,1,0,5,16,7,3.6,3.6,3.8,3.8,3.2,3.9
661,Software Developer - JAVA (#0000101540),142480.0,5,0,0,0,5,24,6,3.5,3.5,3.2,3.4,3.2,3.5
662,Sr. Java Developer,145600.0,2,1,0,0,-1,-1,-1,-1,-1,-1,-1,-1,-1
663,Factory Java Developer,114400.0,8,0,1,0,-1,-1,-1,-1,-1,-1,-1,-1,-1
664,Java Developer,124800.0,5,0,0,0,-1,-1,-1,-1,-1,-1,-1,-1,-1
665,Senior Software Developer,135900.0,4,0,1,0,7,12,8,3.7,3.6,3.5,3.6,3.3,3.6
666,Senior Java/J2EE Developer,111280.0,12,0,1,0,-1,-1,-1,-1,-1,-1,-1,-1,-1
667,Java Developer (Backend),130000.0,7,0,1,0,-1,-1,-1,-1,-1,-1,-1,-1,-1
669,Sr. Java Developer(Onsite),148720.0,8,0,1,0,2,-1,-1,3.6,3.0,3.0,2.5,3.0,2.5
671,Senior Contract Java Developer,130000.0,8,0,1,0,1,-1,-1,-1,-1,-1,-1,-1,-1
672,Sr. Backend Engineer,145600.0,8,0,1,0,2,15,-1,4.1,4.2,3.9,4.2,4.3,4.1
675,Java Developer,104166.4,6,0,1,0,2,10,2,4.6,4.4,4.2,4.7,4.4,4.4
677,Software Developer,93600.0,10,1,1,0,1,-1,-1,-1,-1,-1,-1,-1,-1
689,Python Developer,145600.0,3,1,1,0,5,16,7,3.6,3.6,3.8,3.8,3.2,3.9
691,Software Developer - JAVA (#0000101540),142480.0,5,0,0,0,5,24,6,3.5,3.5,3.2,3.4,3.2,3.5
692,Sr. Java Developer,145600.0,2,1,0,0,-1,-1,-1,-1,-1,-1,-1,-1,-1
693,Factory Java Developer,114400.0,8,0,1,0,-1,-1,-1,-1,-1,-1,-1,-1,-1
694,Java Developer,124800.0,5,0,0,0,-1,-1,-1,-1,-1,-1,-1,-1,-1
695,Senior Software Developer,135900.0,4,0,1,0,7,12,8,3.7,3.6,3.5,3.6,3.3,3.6
696,Senior Java/J2EE Developer,111280.0,12,0,1,0,-1,-1,-1,-1,-1,-1,-1,-1,-1
697,Java Developer (Backend),130000.0,7,0,1,0,-1,-1,-1,-1,-1,-1,-1,-1,-1
698,Java Developer,109200.0,6,0,1,0,3,-1,3,4.5,4.4,4.2,4.4,3.8,4.4
699,Sr. Java Developer(Onsite),148720.0,8,0,1,0,2,-1,-1,3.6,3.0,3.0,2.5,3.0,2.5
701,Senior Contract Java Developer,130000.0,8,0,1,0,1,-1,-1,-1,-1,-1,-1,-1,-1
702,Sr. Backend Engineer,145600.0,8,0,1,0,2,15,-1,4.1,4.2,3.9,4.2,4.3,4.1
705,Java Developer,104166.4,6,0,1,0,2,10,2,4.6,4.4,4.2,4.7,4.4,4.4
707,Software Developer,93600.0,10,1,1,0,1,-1,-1,-1,-1,-1,-1,-1,-1
719,Python Developer,145600.0,3,1,1,0,5,16,7,3.6,3.6,3.8,3.8,3.2,3.9
721,Software Developer - JAVA (#0000101540),142480.0,5,0,0,0,5,24,6,3.5,3.5,3.2,3.4,3.2,3.5
722,Sr. Java Developer,145600.0,2,1,0,0,-1,-1,-1,-1,-1,-1,-1,-1,-1
723,Factory Java Developer,114400.0,8,0,1,0,-1,-1,-1,-1,-1,-1,-1,-1,-1
724,Java Developer,124800.0,5,0,0,0,-1,-1,-1,-1,-1,-1,-1,-1,-1
726,Senior Java/J2EE Developer,111280.0,12,0,1,0,-1,-1,-1,-1,-1,-1,-1,-1,-1
727,Java Developer (Backend),130000.0,7,0,1,0,-1,-1,-1,-1,-1,-1,-1,-1,-1
728,Java Developer,109200.0,6,0,1,0,3,-1,3,4.5,4.4,4.2,4.4,3.8,4.4
729,Sr. Java Developer(Onsite),148720.0,8,0,1,0,2,-1,-1,3.6,3.0,3.0,2.5,3.0,2.5
731,Senior Contract Java Developer,130000.0,8,0,1,0,1,-1,-1,-1,-1,-1,-1,-1,-1
732,Sr. Backend Engineer,145600.0,8,0,1,0,2,15,-1,4.1,4.2,3.9,4.2,4.3,4.1
735,Java Developer,104166.4,6,0,1,0,2,10,2,4.6,4.4,4.2,4.7,4.4,4.4
737,Software Developer,93600.0,10,1,1,0,1,-1,-1,-1,-1,-1,-1,-1,-1
749,Python Developer,145600.0,3,1,1,0,5,16,7,3.6,3.6,3.8,3.8,3.2,3.9
751,Software Developer - JAVA (#0000101540),142480.0,5,0,0,0,5,24,6,3.5,3.5,3.2,3.4,3.2,3.5
752,Sr. Java Developer,145600.0,2,1,0,0,-1,-1,-1,-1,-1,-1,-1,-1,-1
753,Factory Java Developer,114400.0,8,0,1,0,-1,-1,-1,-1,-1,-1,-1,-1,-1
754,Java Developer,124800.0,5,0,0,0,-1,-1,-1,-1,-1,-1,-1,-1,-1
755,Senior Software Developer,135900.0,4,0,1,0,7,12,8,3.7,3.6,3.5,3.6,3.3,3.6
756,Senior Java/J2EE Developer,111280.0,12,0,1,0,-1,-1,-1,-1,-1,-1,-1,-1,-1
757,Java Developer (Backend),130000.0,7,0,1,0,-1,-1,-1,-1,-1,-1,-1,-1,-1
758,Java Developer,109200.0,6,0,1,0,3,-1,3,4.5,4.4,4.2,4.4,3.8,4.4
762,Senior Contract Java Developer,130000.0,8,0,1,0,1,-1,-1,-1,-1,-1,-1,-1,-1
764,Software Developer,93600.0,10,1,1,0,1,-1,-1,-1,-1,-1,-1,-1,-1
767,Sr. Java Developer(Onsite),148720.0,8,0,1,0,2,-1,-1,3.6,3.0,3.0,2.5,3.0,2.5
776,Full Stack Java Developer,83771.0,5,0,1,0,3,23,-1,3.7,3.5,3.8,3.5,3.5,4.2
781,Software Developer - JAVA (#0000101540),142480.0,5,0,0,0,5,24,6,3.5,3.5,3.2,3.4,3.2,3.5
782,Sr. Java Developer,145600.0,2,1,0,0,-1,-1,-1,-1,-1,-1,-1,-1,-1
783,Factory Java Developer,114400.0,8,0,1,0,-1,-1,-1,-1,-1,-1,-1,-1,-1
784,Java Developer,124800.0,5,0,0,0,-1,-1,-1,-1,-1,-1,-1,-1,-1
785,Senior Software Developer,135900.0,4,0,1,0,7,12,8,3.7,3.6,3.5,3.6,3.3,3.6
786,Senior Java/J2EE Developer,111280.0,12,0,1,0,-1,-1,-1,-1,-1,-1,-1,-1,-1
787,Java Developer (Backend),130000.0,7,0,1,0,-1,-1,-1,-1,-1,-1,-1,-1,-1
788,Java Developer,109200.0,6,0,1,0,3,-1,3,4.5,4.4,4.2,4.4,3.8,4.4
790,Sr. Backend Engineer,145600.0,8,0,1,0,2,15,-1,4.1,4.2,3.9,4.2,4.3,4.1
792,Senior Contract Java Developer,130000.0,8,0,1,0,1,-1,-1,-1,-1,-1,-1,-1,-1
794,Software Developer,93600.0,10,1,1,0,1,-1,-1,-1,-1,-1,-1,-1,-1
795,Java Developer,104166.4,6,0,1,0,2,10,2,4.6,4.4,4.2,4.7,4.4,4.4
797,Sr. Java Developer(Onsite),148720.0,8,0,1,0,2,-1,-1,3.6,3.0,3.0,2.5,3.0,2.5
806,Full Stack Java Developer,83771.0,5,0,1,0,3,23,-1,3.7,3.5,3.8,3.5,3.5,4.2
811,Software Developer - JAVA (#0000101540),142480.0,5,0,0,0,5,24,6,3.5,3.5,3.2,3.4,3.2,3.5
812,Sr. Java Developer,145600.0,2,1,0,0,-1,-1,-1,-1,-1,-1,-1,-1,-1
813,Factory Java Developer,114400.0,8,0,1,0,-1,-1,-1,-1,-1,-1,-1,-1,-1
814,Java Developer,124800.0,5,0,0,0,-1,-1,-1,-1,-1,-1,-1,-1,-1
815,Senior Software Developer,135900.0,4,0,1,0,7,12,8,3.7,3.6,3.5,3.6,3.3,3.6
816,Senior Java/J2EE Developer,111280.0,12,0,1,0,-1,-1,-1,-1,-1,-1,-1,-1,-1
817,Java Developer (Backend),130000.0,7,0,1,0,-1,-1,-1,-1,-1,-1,-1,-1,-1
818,Java Developer,109200.0,6,0,1,0,3,-1,3,4.5,4.4,4.2,4.4,3.8,4.4
820,Sr. Backend Engineer,145600.0,8,0,1,0,2,15,-1,4.1,4.2,3.9,4.2,4.3,4.1
822,Senior Contract Java Developer,130000.0,8,0,1,0,1,-1,-1,-1,-1,-1,-1,-1,-1
824,Software Developer,93600.0,10,1,1,0,1,-1,-1,-1,-1,-1,-1,-1,-1
825,Java Developer,104166.4,6,0,1,0,2,10,2,4.6,4.4,4.2,4.7,4.4,4.4
827,Sr. Java Developer(Onsite),148720.0,8,0,1,0,2,-1,-1,3.6,3.0,3.0,2.5,3.0,2.5
836,Full Stack Java Developer,83771.0,5,0,1,0,3,23,-1,3.7,3.5,3.8,3.5,3.5,4.2
841,Software Developer - JAVA (#0000101540),142480.0,5,0,0,0,5,24,6,3.5,3.5,3.2,3.4,3.2,3.5
842,Sr. Java Developer,145600.0,2,1,0,0,-1,-1,-1,-1,-1,-1,-1,-1,-1
843,Factory Java Developer,114400.0,8,0,1,0,-1,-1,-1,-1,-1,-1,-1,-1,-1
844,Java Developer,124800.0,5,0,0,0,-1,-1,-1,-1,-1,-1,-1,-1,-1
845,Senior Software Developer,135900.0,4,0,1,0,7,12,8,3.7,3.6,3.5,3.6,3.3,3.6
846,Senior Java/J2EE Developer,111280.0,12,0,1,0,-1,-1,-1,-1,-1,-1,-1,-1,-1
847,Java Developer (Backend),130000.0,7,0,1,0,-1,-1,-1,-1,-1,-1,-1,-1,-1
848,Java Developer,109200.0,6,0,1,0,3,-1,3,4.5,4.4,4.2,4.4,3.8,4.4
850,Sr. Backend Engineer,145600.0,8,0,1,0,2,15,-1,4.1,4.2,3.9,4.2,4.3,4.1
852,Senior Contract Java Developer,130000.0,8,0,1,0,1,-1,-1,-1,-1,-1,-1,-1,-1
854,Software Developer,93600.0,10,1,1,0,1,-1,-1,-1,-1,-1,-1,-1,-1
855,Java Developer,104166.4,6,0,1,0,2,10,2,4.6,4.4,4.2,4.7,4.4,4.4
857,Sr. Java Developer(Onsite),148720.0,8,0,1,0,2,-1,-1,3.6,3.0,3.0,2.5,3.0,2.5
866,Full Stack Java Developer,83771.0,5,0,1,0,3,23,-1,3.7,3.5,3.8,3.5,3.5,4.2
871,Software Developer - JAVA (#0000101540),142480.0,5,0,0,0,5,24,6,3.5,3.5,3.2,3.4,3.2,3.5
872,Sr. Java Developer,145600.0,2,1,0,0,-1,-1,-1,-1,-1,-1,-1,-1,-1
873,Factory Java Developer,114400.0,8,0,1,0,-1,-1,-1,-1,-1,-1,-1,-1,-1
874,Java Developer,124800.0,5,0,0,0,-1,-1,-1,-1,-1,-1,-1,-1,-1
875,Senior Software Developer,135900.0,4,0,1,0,7,12,8,3.7,3.6,3.5,3.6,3.3,3.6
876,Senior Java/J2EE Developer,111280.0,12,0,1,0,-1,-1,-1,-1,-1,-1,-1,-1,-1
877,Java Developer (Backend),130000.0,7,0,1,0,-1,-1,-1,-1,-1,-1,-1,-1,-1
878,Java Developer,109200.0,6,0,1,0,3,-1,3,4.5,4.4,4.2,4.4,3.8,4.4
880,Sr. Backend Engineer,145600.0,8,0,1,0,2,15,-1,4.1,4.2,3.9,4.2,4.3,4.1
882,Senior Contract Java Developer,130000.0,8,0,1,0,1,-1,-1,-1,-1,-1,-1,-1,-1
884,Software Developer,93600.0,10,1,1,0,1,-1,-1,-1,-1,-1,-1,-1,-1
885,Java Developer,104166.4,6,0,1,0,2,10,2,4.6,4.4,4.2,4.7,4.4,4.4
887,Sr. Java Developer(Onsite),148720.0,8,0,1,0,2,-1,-1,3.6,3.0,3.0,2.5,3.0,2.5
896,Full Stack Java Developer,83771.0,5,0,1,0,3,23,-1,3.7,3.5,3.8,3.5,3.5,4.2
901,Software Developer - JAVA (#0000101540),142480.0,5,0,0,0,5,24,6,3.5,3.5,3.2,3.4,3.2,3.5
902,Sr. Java Developer,145600.0,2,1,0,0,-1,-1,-1,-1,-1,-1,-1,-1,-1
903,Factory Java Developer,114400.0,8,0,1,0,-1,-1,-1,-1,-1,-1,-1,-1,-1
904,Java Developer,124800.0,5,0,0,0,-1,-1,-1,-1,-1,-1,-1,-1,-1
905,Senior Software Developer,135900.0,4,0,1,0,7,12,8,3.7,3.6,3.5,3.6,3.3,3.6
906,Senior Java/J2EE Developer,111280.0,12,0,1,0,-1,-1,-1,-1,-1,-1,-1,-1,-1
907,Java Developer (Backend),130000.0,7,0,1,0,-1,-1,-1,-1,-1,-1,-1,-1,-1
908,Java Developer,109200.0,6,0,1,0,3,-1,3,4.5,4.4,4.2,4.4,3.8,4.4
910,Sr. Backend Engineer,145600.0,8,0,1,0,2,15,-1,4.1,4.2,3.9,4.2,4.3,4.1
912,Senior Contract Java Developer,130000.0,8,0,1,0,1,-1,-1,-1,-1,-1,-1,-1,-1
914,Software Developer,93600.0,10,1,1,0,1,-1,-1,-1,-1,-1,-1,-1,-1
915,Java Developer,104166.4,6,0,1,0,2,10,2,4.6,4.4,4.2,4.7,4.4,4.4
917,Sr. Java Developer(Onsite),148720.0,8,0,1,0,2,-1,-1,3.6,3.0,3.0,2.5,3.0,2.5
926,Full Stack Java Developer,83771.0,5,0,1,0,3,23,-1,3.7,3.5,3.8,3.5,3.5,4.2
931,Software Developer - JAVA (#0000101540),142480.0,5,0,0,0,5,24,6,3.5,3.5,3.2,3.4,3.2,3.5
932,Sr. Java Developer,145600.0,2,1,0,0,-1,-1,-1,-1,-1,-1,-1,-1,-1
933,Factory Java Developer,114400.0,8,0,1,0,-1,-1,-1,-1,-1,-1,-1,-1,-1
934,Java Developer,124800.0,5,0,0,0,-1,-1,-1,-1,-1,-1,-1,-1,-1
935,Senior Software Developer,135900.0,4,0,1,0,7,12,8,3.7,3.6,3.5,3.6,3.3,3.6
936,Senior Java/J2EE Developer,111280.0,12,0,1,0,-1,-1,-1,-1,-1,-1,-1,-1,-1
937,Java Developer (Backend),130000.0,7,0,1,0,-1,-1,-1,-1,-1,-1,-1,-1,-1
938,Java Developer,109200.0,6,0,1,0,3,-1,3,4.5,4.4,4.2,4.4,3.8,4.4
940,Sr. Backend Engineer,145600.0,8,0,1,0,2,15,-1,4.1,4.2,3.9,4.2,4.3,4.1
942,Senior Contract Java Developer,130000.0,8,0,1,0,1,-1,-1,-1,-1,-1,-1,-1,-1
944,Software Developer,93600.0,10,1,1,0,1,-1,-1,-1,-1,-1,-1,-1,-1
945,Java Developer,104166.4,6,0,1,0,2,10,2,4.6,4.4,4.2,4.7,4.4,4.4
947,Sr. Java Developer(Onsite),148720.0,8,0,1,0,2,-1,-1,3.6,3.0,3.0,2.5,3.0,2.5
955,Full Stack Java Developer,83771.0,5,0,1,0,3,23,-1,3.7,3.5,3.8,3.5,3.5,4.2
959,Python Developer,145600.0,3,1,1,0,5,16,7,3.6,3.6,3.8,3.8,3.2,3.9
961,Software Developer - JAVA (#0000101540),142480.0,5,0,0,0,5,24,6,3.5,3.5,3.2,3.4,3.2,3.5
962,Sr. Java Developer,145600.0,2,1,0,0,-1,-1,-1,-1,-1,-1,-1,-1,-1
963,Factory Java Developer,114400.0,8,0,1,0,-1,-1,-1,-1,-1,-1,-1,-1,-1
964,Java Developer,124800.0,5,0,0,0,-1,-1,-1,-1,-1,-1,-1,-1,-1
965,Senior Software Developer,135900.0,4,0,1,0,7,12,8,3.7,3.6,3.5,3.6,3.3,3.6
966,Senior Java/J2EE Developer,111280.0,12,0,1,0,-1,-1,-1,-1,-1,-1,-1,-1,-1
967,Java Developer (Backend),130000.0,7,0,1,0,-1,-1,-1,-1,-1,-1,-1,-1,-1
968,Java Developer,109200.0,6,0,1,0,3,-1,3,4.5,4.4,4.2,4.4,3.8,4.4
970,Sr. Backend Engineer,145600.0,8,0,1,0,2,15,-1,4.1,4.2,3.9,4.2,4.3,4.1
972,Senior Contract Java Developer,130000.0,8,0,1,0,1,-1,-1,-1,-1,-1,-1,-1,-1
974,Software Developer,93600.0,10,1,1,0,1,-1,-1,-1,-1,-1,-1,-1,-1
975,Java Developer,104166.4,6,0,1,0,2,10,2,4.6,4.4,4.2,4.7,4.4,4.4
977,Sr. Java Developer(Onsite),148720.0,8,0,1,0,2,-1,-1,3.6,3.0,3.0,2.5,3.0,2.5
985,Full Stack Java Developer,83771.0,5,0,1,0,3,23,-1,3.7,3.5,3.8,3.5,3.5,4.2
989,Python Developer,145600.0,3,1,1,0,5,16,7,3.6,3.6,3.8,3.8,3.2,3.9
992,Sr. Java Developer,145600.0,2,1,0,0,-1,-1,-1,-1,-1,-1,-1,-1,-1
993,Factory Java Developer,114400.0,8,0,1,0,-1,-1,-1,-1,-1,-1,-1,-1,-1
994,Java Developer,124800.0,5,0,0,0,-1,-1,-1,-1,-1,-1,-1,-1,-1
995,Senior Software Developer,135900.0,4,0,1,0,7,12,8,3.7,3.6,3.5,3.6,3.3,3.6
996,Senior Java/J2EE Developer,111280.0,12,0,1,0,-1,-1,-1,-1,-1,-1,-1,-1,-1
997,Java Developer (Backend),130000.0,7,0,1,0,-1,-1,-1,-1,-1,-1,-1,-1,-1
998,Java Developer,109200.0,6,0,1,0,3,-1,3,4.5,4.4,4.2,4.4,3.8,4.4
1000,Sr. Backend Engineer,145600.0,8,0,1,0,2,15,-1,4.1,4.2,3.9,4.2,4.3,4.1
1002,Senior Contract Java Developer,130000.0,8,0,1,0,1,-1,-1,-1,-1,-1,-1,-1,-1
1004,Software Developer,93600.0,10,1,1,0,1,-1,-1,-1,-1,-1,-1,-1,-1
1005,Java Developer,104166.4,6,0,1,0,2,10,2,4.6,4.4,4.2,4.7,4.4,4.4
1007,Sr. Java Developer(Onsite),148720.0,8,0,1,0,2,-1,-1,3.6,3.0,3.0,2.5,3.0,2.5
1015,Full Stack Java Developer,83771.0,5,0,1,0,3,23,-1,3.7,3.5,3.8,3.5,3.5,4.2
1019,Python Developer,145600.0,3,1,1,0,5,16,7,3.6,3.6,3.8,3.8,3.2,3.9
1021,Software Developer - JAVA (#0000101540),142480.0,5,0,0,0,5,24,6,3.5,3.5,3.2,3.4,3.2,3.5
1022,Sr. Java Developer,145600.0,2,1,0,0,-1,-1,-1,-1,-1,-1,-1,-1,-1
1023,Factory Java Developer,114400.0,8,0,1,0,-1,-1,-1,-1,-1,-1,-1,-1,-1
1024,Java Developer,124800.0,5,0,0,0,-1,-1,-1,-1,-1,-1,-1,-1,-1
1025,Senior Software Developer,135900.0,4,0,1,0,7,12,8,3.7,3.6,3.5,3.6,3.3,3.6
1026,Senior Java/J2EE Developer,111280.0,12,0,1,0,-1,-1,-1,-1,-1,-1,-1,-1,-1
1027,Java Developer (Backend),130000.0,7,0,1,0,-1,-1,-1,-1,-1,-1,-1,-1,-1
1028,Java Developer,109200.0,6,0,1,0,3,-1,3,4.5,4.4,4.2,4.4,3.8,4.4
1030,Sr. Backend Engineer,145600.0,8,0,1,0,2,15,-1,4.1,4.2,3.9,4.2,4.3,4.1
1032,Senior Contract Java Developer,130000.0,8,0,1,0,1,-1,-1,-1,-1,-1,-1,-1,-1
1034,Software Developer,93600.0,10,1,1,0,1,-1,-1,-1,-1,-1,-1,-1,-1
1035,Java Developer,104166.4,6,0,1,0,2,10,2,4.6,4.4,4.2,4.7,4.4,4.4
1037,Sr. Java Developer(Onsite),148720.0,8,0,1,0,2,-1,-1,3.6,3.0,3.0,2.5,3.0,2.5
1045,Full Stack Java Developer,83771.0,5,0,1,0,3,23,-1,3.7,3.5,3.8,3.5,3.5,4.2
1049,Python Developer,145600.0,3,1,1,0,5,16,7,3.6,3.6,3.8,3.8,3.2,3.9
1051,Software Developer - JAVA (#0000101540),142480.0,5,0,0,0,5,24,6,3.5,3.5,3.2,3.4,3.2,3.5
1052,Sr. Java Developer,145600.0,2,1,0,0,-1,-1,-1,-1,-1,-1,-1,-1,-1
1053,Factory Java Developer,114400.0,8,0,1,0,-1,-1,-1,-1,-1,-1,-1,-1,-1
1054,Java Developer,124800.0,5,0,0,0,-1,-1,-1,-1,-1,-1,-1,-1,-1
1055,Senior Software Developer,135900.0,4,0,1,0,7,12,8,3.7,3.6,3.5,3.6,3.3,3.6
1056,Senior Java/J2EE Developer,111280.0,12,0,1,0,-1,-1,-1,-1,-1,-1,-1,-1,-1
1057,Java Developer (Backend),130000.0,7,0,1,0,-1,-1,-1,-1,-1,-1,-1,-1,-1
1058,Java Developer,109200.0,6,0,1,0,3,-1,3,4.5,4.4,4.2,4.4,3.8,4.4
1060,Sr. Backend Engineer,145600.0,8,0,1,0,2,15,-1,4.1,4.2,3.9,4.2,4.3,4.1
1062,Senior Contract Java Developer,130000.0,8,0,1,0,1,-1,-1,-1,-1,-1,-1,-1,-1
1064,Software Developer,93600.0,10,1,1,0,1,-1,-1,-1,-1,-1,-1,-1,-1
1065,Java Developer,104166.4,6,0,1,0,2,10,2,4.6,4.4,4.2,4.7,4.4,4.4
1067,Sr. Java Developer(Onsite),148720.0,8,0,1,0,2,-1,-1,3.6,3.0,3.0,2.5,3.0,2.5
1075,Full Stack Java Developer,83771.0,5,0,1,0,3,23,-1,3.7,3.5,3.8,3.5,3.5,4.2
1079,Python Developer,145600.0,3,1,1,0,5,16,7,3.6,3.6,3.8,3.8,3.2,3.9
1081,Software Developer - JAVA (#0000101540),142480.0,5,0,0,0,5,24,6,3.5,3.5,3.2,3.4,3.2,3.5
1082,Sr. Java Developer,145600.0,2,1,0,0,-1,-1,-1,-1,-1,-1,-1,-1,-1
1083,Factory Java Developer,114400.0,8,0,1,0,-1,-1,-1,-1,-1,-1,-1,-1,-1
1084,Java Developer,124800.0,5,0,0,0,-1,-1,-1,-1,-1,-1,-1,-1,-1
1085,Senior Software Developer,135900.0,4,0,1,0,7,12,8,3.7,3.6,3.5,3.6,3.3,3.6
1086,Senior Java/J2EE Developer,111280.0,12,0,1,0,-1,-1,-1,-1,-1,-1,-1,-1,-1
1087,Java Developer (Backend),130000.0,7,0,1,0,-1,-1,-1,-1,-1,-1,-1,-1,-1
1088,Java Developer,109200.0,6,0,1,0,3,-1,3,4.5,4.4,4.2,4.4,3.8,4.4
1090,Sr. Backend Engineer,145600.0,8,0,1,0,2,15,-1,4.1,4.2,3.9,4.2,4.3,4.1
1092,Senior Contract Java Developer,130000.0,8,0,1,0,1,-1,-1,-1,-1,-1,-1,-1,-1
1094,Software Developer,93600.0,10,1,1,0,1,-1,-1,-1,-1,-1,-1,-1,-1
1095,Java Developer,104166.4,6,0,1,0,2,10,2,4.6,4.4,4.2,4.7,4.4,4.4
1097,Sr. Java Developer(Onsite),148720.0,8,0,1,0,2,-1,-1,3.6,3.0,3.0,2.5,3.0,2.5
1105,Full Stack Java Developer,83771.0,5,0,1,0,3,23,-1,3.7,3.5,3.8,3.5,3.5,4.2
1109,Python Developer,145600.0,3,1,1,0,5,16,7,3.6,3.6,3.8,3.8,3.2,3.9
1111,Software Developer - JAVA (#0000101540),142480.0,5,0,0,0,5,24,6,3.5,3.5,3.2,3.4,3.2,3.5
1112,Sr. Java Developer,145600.0,2,1,0,0,-1,-1,-1,-1,-1,-1,-1,-1,-1
1113,Factory Java Developer,114400.0,8,0,1,0,-1,-1,-1,-1,-1,-1,-1,-1,-1
1114,Java Developer,124800.0,5,0,0,0,-1,-1,-1,-1,-1,-1,-1,-1,-1
1115,Senior Software Developer,135900.0,4,0,1,0,7,12,8,3.7,3.6,3.5,3.6,3.3,3.6
1116,Sr. Backend Engineer,145600.0,8,0,1,0,2,15,-1,4.1,4.2,3.9,4.2,4.3,4.1
1117,Senior Java/J2EE Developer,111280.0,12,0,1,0,-1,-1,-1,-1,-1,-1,-1,-1,-1
1118,Java Developer (Backend),130000.0,7,0,1,0,-1,-1,-1,-1,-1,-1,-1,-1,-1
1119,Sr. Java Developer(Onsite),148720.0,8,0,1,0,2,-1,-1,3.6,3.0,3.0,2.5,3.0,2.5
1121,Java Developer,109200.0,6,0,1,0,3,-1,3,4.5,4.4,4.2,4.4,3.8,4.4
1123,Senior Contract Java Developer,130000.0,8,0,1,0,1,-1,-1,-1,-1,-1,-1,-1,-1
1124,Java Developer,104166.4,6,0,1,0,2,10,2,4.6,4.4,4.2,4.7,4.4,4.4
1128,Software Developer,93600.0,10,1,1,0,1,-1,-1,-1,-1,-1,-1,-1,-1
1132,Full Stack Java Developer,83771.0,5,0,1,0,3,23,-1,3.7,3.5,3.8,3.5,3.5,4.2
1134,Java Backend Developer,114400.0,10,0,1,0,1,-1,-1,4.6,4.6,4.2,4.4,4.3,4.6
1138,Python Developer,145600.0,3,1,1,0,5,16,7,3.6,3.6,3.8,3.8,3.2,3.9
1141,Software Developer - JAVA (#0000101540),142480.0,5,0,0,0,5,24,6,3.5,3.5,3.2,3.4,3.2,3.5
1142,Sr. Java Developer,145600.0,2,1,0,0,-1,-1,-1,-1,-1,-1,-1,-1,-1
1143,Factory Java Developer,114400.0,8,0,1,0,-1,-1,-1,-1,-1,-1,-1,-1,-1
1144,Java Developer,124800.0,5,0,0,0,-1,-1,-1,-1,-1,-1,-1,-1,-1
1145,Senior Software Developer,135900.0,4,0,1,0,7,12,8,3.7,3.6,3.5,3.6,3.3,3.6
1146,Sr. Backend Engineer,145600.0,8,0,1,0,2,15,-1,4.1,4.2,3.9,4.2,4.3,4.1
1147,Senior Java/J2EE Developer,111280.0,12,0,1,0,-1,-1,-1,-1,-1,-1,-1,-1,-1
1148,Java Developer (Backend),130000.0,7,0,1,0,-1,-1,-1,-1,-1,-1,-1,-1,-1
1149,Sr. Java Developer(Onsite),148720.0,8,0,1,0,2,-1,-1,3.6,3.0,3.0,2.5,3.0,2.5
1151,Java Developer,109200.0,6,0,1,0,3,-1,3,4.5,4.4,4.2,4.4,3.8,4.4
1153,Senior Contract Java Developer,130000.0,8,0,1,0,1,-1,-1,-1,-1,-1,-1,-1,-1
1154,Java Developer,104166.4,6,0,1,0,2,10,2,4.6,4.4,4.2,4.7,4.4,4.4
1158,Software Developer,93600.0,10,1,1,0,1,-1,-1,-1,-1,-1,-1,-1,-1
1162,Full Stack Java Developer,83771.0,5,0,1,0,3,23,-1,3.7,3.5,3.8,3.5,3.5,4.2
1164,Java Backend Developer,114400.0,10,0,1,0,1,-1,-1,4.6,4.6,4.2,4.4,4.3,4.6
1168,Python Developer,145600.0,3,1,1,0,5,16,7,3.6,3.6,3.8,3.8,3.2,3.9
1171,Software Developer - JAVA (#0000101540),142480.0,5,0,0,0,5,24,6,3.5,3.5,3.2,3.4,3.2,3.5
1172,Sr. Java Developer,145600.0,2,1,0,0,-1,-1,-1,-1,-1,-1,-1,-1,-1
1173,Factory Java Developer,114400.0,8,0,1,0,-1,-1,-1,-1,-1,-1,-1,-1,-1
1175,Java Developer,124800.0,5,0,0,0,-1,-1,-1,-1,-1,-1,-1,-1,-1
1176,Sr. Backend Engineer,145600.0,8,0,1,0,2,15,-1,4.1,4.2,3.9,4.2,4.3,4.1
1177,Senior Java/J2EE Developer,111280.0,12,0,1,0,-1,-1,-1,-1,-1,-1,-1,-1,-1
1178,Java Developer (Backend),130000.0,7,0,1,0,-1,-1,-1,-1,-1,-1,-1,-1,-1
1179,Sr. Java Developer(Onsite),148720.0,8,0,1,0,2,-1,-1,3.6,3.0,3.0,2.5,3.0,2.5
1181,Java Developer,109200.0,6,0,1,0,3,-1,3,4.5,4.4,4.2,4.4,3.8,4.4
1183,Senior Contract Java Developer,130000.0,8,0,1,0,1,-1,-1,-1,-1,-1,-1,-1,-1
1184,Java Developer,104166.4,6,0,1,0,2,10,2,4.6,4.4,4.2,4.7,4.4,4.4
1188,Software Developer,93600.0,10,1,1,0,1,-1,-1,-1,-1,-1,-1,-1,-1
1192,Full Stack Java Developer,83771.0,5,0,1,0,3,23,-1,3.7,3.5,3.8,3.5,3.5,4.2
1194,Java Backend Developer,114400.0,10,0,1,0,1,-1,-1,4.6,4.6,4.2,4.4,4.3,4.6
1198,Python Developer,145600.0,3,1,1,0,5,16,7,3.6,3.6,3.8,3.8,3.2,3.9
1201,Software Developer - JAVA (#0000101540),142480.0,5,0,0,0,5,24,6,3.5,3.5,3.2,3.4,3.2,3.5
1202,Sr. Java Developer,145600.0,2,1,0,0,-1,-1,-1,-1,-1,-1,-1,-1,-1
1203,Factory Java Developer,114400.0,8,0,1,0,-1,-1,-1,-1,-1,-1,-1,-1,-1
1204,Java Developer,124800.0,5,0,0,0,-1,-1,-1,-1,-1,-1,-1,-1,-1
1205,Senior Software Developer,135900.0,4,0,1,0,7,12,8,3.7,3.6,3.5,3.6,3.3,3.6
1206,Sr. Backend Engineer,145600.0,8,0,1,0,2,15,-1,4.1,4.2,3.9,4.2,4.3,4.1
1207,Senior Java/J2EE Developer,111280.0,12,0,1,0,-1,-1,-1,-1,-1,-1,-1,-1,-1
1208,Java Developer (Backend),130000.0,7,0,1,0,-1,-1,-1,-1,-1,-1,-1,-1,-1
1209,Sr. Java Developer(Onsite),148720.0,8,0,1,0,2,-1,-1,3.6,3.0,3.0,2.5,3.0,2.5
1211,Java Developer,109200.0,6,0,1,0,3,-1,3,4.5,4.4,4.2,4.4,3.8,4.4
1213,Senior Contract Java Developer,130000.0,8,0,1,0,1,-1,-1,-1,-1,-1,-1,-1,-1
1214,Java Developer,104166.4,6,0,1,0,2,10,2,4.6,4.4,4.2,4.7,4.4,4.4
1218,Software Developer,93600.0,10,1,1,0,1,-1,-1,-1,-1,-1,-1,-1,-1
1222,Full Stack Java Developer,83771.0,5,0,1,0,3,23,-1,3.7,3.5,3.8,3.5,3.5,4.2
1224,Java Backend Developer,114400.0,10,0,1,0,1,-1,-1,4.6,4.6,4.2,4.4,4.3,4.6
1227,Python Developer,145600.0,3,1,1,0,5,16,7,3.6,3.6,3.8,3.8,3.2,3.9
1231,Software Developer - JAVA (#0000101540),142480.0,5,0,0,0,5,24,6,3.5,3.5,3.2,3.4,3.2,3.5
1232,Sr. Java Developer,145600.0,2,1,0,0,-1,-1,-1,-1,-1,-1,-1,-1,-1
1233,Factory Java Developer,114400.0,8,0,1,0,-1,-1,-1,-1,-1,-1,-1,-1,-1
1234,Java Developer,124800.0,5,0,0,0,-1,-1,-1,-1,-1,-1,-1,-1,-1
1235,Senior Software Developer,135900.0,4,0,1,0,7,12,8,3.7,3.6,3.5,3.6,3.3,3.6
1236,Sr. Backend Engineer,145600.0,8,0,1,0,2,15,-1,4.1,4.2,3.9,4.2,4.3,4.1
1237,Senior Java/J2EE Developer,111280.0,12,0,1,0,-1,-1,-1,-1,-1,-1,-1,-1,-1
1238,Java Developer (Backend),130000.0,7,0,1,0,-1,-1,-1,-1,-1,-1,-1,-1,-1
1239,Sr. Java Developer(Onsite),148720.0,8,0,1,0,2,-1,-1,3.6,3.0,3.0,2.5,3.0,2.5
1243,Senior Contract Java Developer,130000.0,8,0,1,0,1,-1,-1,-1,-1,-1,-1,-1,-1
1244,Java Developer,104166.4,6,0,1,0,2,10,2,4.6,4.4,4.2,4.7,4.4,4.4
1248,Software Developer,93600.0,10,1,1,0,1,-1,-1,-1,-1,-1,-1,-1,-1
1254,Java Backend Developer,114400.0,10,0,1,0,1,-1,-1,4.6,4.6,4.2,4.4,4.3,4.6
1257,Python Developer,145600.0,3,1,1,0,5,16,7,3.6,3.6,3.8,3.8,3.2,3.9
1261,Software Developer - JAVA (#0000101540),142480.0,5,0,0,0,5,24,6,3.5,3.5,3.2,3.4,3.2,3.5
1262,Sr. Java Developer,145600.0,2,1,0,0,-1,-1,-1,-1,-1,-1,-1,-1,-1
1263,Factory Java Developer,114400.0,8,0,1,0,-1,-1,-1,-1,-1,-1,-1,-1,-1
1264,Java Developer,124800.0,5,0,0,0,-1,-1,-1,-1,-1,-1,-1,-1,-1
1265,Senior Software Developer,135900.0,4,0,1,0,7,12,8,3.7,3.6,3.5,3.6,3.3,3.6
1266,Sr. Backend Engineer,145600.0,8,0,1,0,2,15,-1,4.1,4.2,3.9,4.2,4.3,4.1
1267,Senior Java/J2EE Developer,111280.0,12,0,1,0,-1,-1,-1,-1,-1,-1,-1,-1,-1
1268,Java Developer (Backend),130000.0,7,0,1,0,-1,-1,-1,-1,-1,-1,-1,-1,-1
1269,Sr. Java Developer(Onsite),148720.0,8,0,1,0,2,-1,-1,3.6,3.0,3.0,2.5,3.0,2.5
1271,Java Developer,109200.0,6,0,1,0,3,-1,3,4.5,4.4,4.2,4.4,3.8,4.4
1273,Senior Contract Java Developer,130000.0,8,0,1,0,1,-1,-1,-1,-1,-1,-1,-1,-1
1274,Java Developer,104166.4,6,0,1,0,2,10,2,4.6,4.4,4.2,4.7,4.4,4.4
1280,Software Developer,93600.0,10,1,1,0,1,-1,2,-1,-1,-1,-1,-1,-1
1282,Full Stack Java Developer,83771.0,5,0,1,0,3,23,-1,3.7,3.5,3.8,3.5,3.5,4.2
1284,Java Backend Developer,114400.0,10,0,1,0,1,-1,-1,4.6,4.6,4.2,4.4,4.3,4.6
